report_date,tBalance,yBalance,total_purchase_amt,direct_purchase_amt,purchase_bal_amt,purchase_bank_amt,total_redeem_amt,consume_amt,transfer_amt,tftobal_amt,tftocard_amt,share_amt
2013-07-09,433273777.0,409947895.0,26798941.0,26755943.0,21541164.0,5214779.0,-2425212.71922677,765509.0,2707550.0,2707550.0,0.0,42998.0
2013-07-10,461373114.0,433273777.0,30696506.0,30644691.0,20475437.0,10169254.0,-6116807.635566384,603737.0,1993432.0,1993432.0,0.0,51815.0
2013-07-11,501939511.0,461373114.0,44075197.0,44021031.0,38701392.0,5319639.0,-3750297.4346885383,981695.0,2527105.0,2527105.0,0.0,54166.0
2013-07-12,527630842.0,501939511.0,34183904.0,34126845.0,28358933.0,5767912.0,5341118.768005781,1371072.0,7121501.0,7121501.0,0.0,57059.0
2013-07-13,539312730.0,527630842.0,15164717.0,15103661.0,8461168.0,6642493.0,-1681674.3949775249,309654.0,3173175.0,3173175.0,0.0,61056.0
2013-07-14,559143926.0,539312730.0,22615303.0,22554354.0,18447507.0,4106847.0,-4050882.6999786124,592038.0,2192069.0,2192069.0,0.0,60949.0
2013-07-15,594164538.0,559143926.0,48128555.0,48069686.0,28401224.0,19668462.0,3203924.063317783,1521794.0,11586149.0,11586149.0,0.0,58869.0
2013-07-16,632922404.0,594164538.0,50622847.0,50559618.0,39657799.0,10901819.0,2390726.677886352,1529687.0,10335294.0,10335294.0,0.0,63229.0
2013-07-17,651026573.0,632922404.0,29015682.0,28946382.0,25167271.0,3779111.0,-2519470.094704576,2109498.0,8802015.0,8802015.0,0.0,69300.0
2013-07-18,663495722.0,651026573.0,24234505.0,24160561.0,12633212.0,11527349.0,-1213386.8174291924,3195410.0,8569946.0,8569946.0,0.0,73944.0
2013-07-19,687931077.0,663495722.0,33680124.0,33603190.0,25296006.0,8307184.0,-1452455.2391467541,1204252.0,8040517.0,8040517.0,0.0,76934.0
2013-07-20,703769013.0,687931077.0,20439079.0,20360981.0,14965131.0,5395850.0,-4453078.381973341,1780862.0,2820281.0,2820281.0,0.0,78098.0
2013-07-21,722230076.0,703769013.0,21142394.0,21064648.0,14155152.0,6909496.0,-6584682.781706259,761299.0,1920032.0,1920032.0,0.0,77746.0
2013-07-22,743534705.0,722230076.0,40448896.0,40374049.0,33166661.0,7207388.0,6663048.003380246,605231.0,18539036.0,18539036.0,0.0,74847.0
2013-07-23,777266801.0,743534705.0,58136147.0,58056583.0,48105087.0,9951496.0,10157016.71515888,2173231.0,22230820.0,22230820.0,0.0,79564.0
2013-07-24,789430727.0,777266801.0,48422518.0,48337561.0,38512434.0,9825127.0,15553126.664956644,712047.0,35546545.0,35546545.0,0.0,84957.0
2013-07-25,808651309.0,789430727.0,57433418.0,57347209.0,42064761.0,15282448.0,11801675.151648596,1557611.0,36655225.0,36655225.0,0.0,86209.0
2013-07-26,814180757.0,808651309.0,44721817.0,44633279.0,33299638.0,11333641.0,11800567.770125896,1035450.0,38156919.0,38156919.0,0.0,88538.0
2013-07-27,816316315.0,814180757.0,17194451.0,17102400.0,10482577.0,6619823.0,-12794487.718894273,1922114.0,13136779.0,13136779.0,0.0,92051.0
2013-07-28,844888486.0,816316315.0,36255382.0,36164421.0,32964064.0,3200357.0,-13673863.175912201,1161872.0,6521339.0,6521339.0,0.0,90961.0
2013-07-29,879801198.0,844888486.0,53512076.0,53423360.0,41820041.0,11603319.0,-3200204.705891669,1202332.0,17397032.0,17397032.0,0.0,88716.0
2013-07-30,914233859.0,879801198.0,47481243.0,47387817.0,33779762.0,13608055.0,-7919704.14258489,1318647.0,11729935.0,11729935.0,0.0,93426.0
2013-07-31,959269456.0,914233859.0,54569637.0,54465204.0,46575247.0,7889957.0,-11635373.253534257,1191442.0,8342598.0,8342598.0,0.0,104433.0
2013-08-01,993774950.0,959269456.0,53369962.0,53261431.0,29717147.0,23544284.0,537558.4602068961,1935577.0,16928891.0,16928891.0,0.0,108531.0
2013-08-02,991688717.0,993774950.0,38064536.0,37949861.0,25198904.0,12750957.0,20997116.636075824,1140935.0,39009834.0,39009834.0,0.0,114675.0
2013-08-03,992582709.0,991688717.0,21595789.0,21479421.0,10093238.0,11386183.0,-3155995.875261426,1725397.0,18976400.0,18976400.0,0.0,116368.0
2013-08-04,1030063998.0,992582709.0,45745254.0,45630463.0,41159712.0,4470751.0,-12569643.789785385,1389042.0,6874923.0,6874923.0,0.0,114791.0
2013-08-05,1057898694.0,1030063998.0,43632203.0,43520180.0,18112798.0,25407382.0,-6930320.7525461465,1757807.0,14039700.0,14039700.0,0.0,112023.0
2013-08-06,1092363491.0,1057898694.0,50866184.0,50749514.0,38122413.0,12627101.0,-4898621.554809749,2956008.0,13445379.0,13445379.0,0.0,116670.0
2013-08-07,1106562866.0,1092363491.0,43908081.0,43781998.0,29774898.0,14007100.0,7842996.778671265,1552975.0,28155731.0,28155731.0,0.0,126083.0
2013-08-08,1121504665.0,1106562866.0,44493490.0,44364177.0,32476695.0,11887482.0,1426281.540007472,1136867.0,28414824.0,28414824.0,0.0,129313.0
2013-08-09,1124798836.0,1121504665.0,33425186.0,33294291.0,26619531.0,6674760.0,-488014.64981251955,3500833.0,26630182.0,26630182.0,0.0,130895.0
2013-08-10,1118799735.0,1124798836.0,20615307.0,20482505.0,15003071.0,5479434.0,2686042.6468847394,1290443.0,25323965.0,25323965.0,0.0,132802.0
2013-08-11,1158946598.0,1118799735.0,55519543.0,55388879.0,49401320.0,5987559.0,-7742945.304267377,925608.0,14447072.0,14447072.0,0.0,130664.0
2013-08-12,1224880431.0,1158946598.0,94520502.0,94394024.0,77433832.0,16960192.0,2050057.4385713637,2062992.0,26523677.0,26523677.0,0.0,126478.0
2013-08-13,1244810922.0,1224880431.0,48720919.0,48590757.0,28460439.0,20130318.0,104540.84437382221,3646077.0,25144251.0,25144251.0,0.0,130162.0
2013-08-14,1260320406.0,1244810922.0,30541167.0,30394880.0,22991641.0,7403239.0,-16953560.471131355,2060843.0,12970840.0,12970840.0,0.0,146287.0
2013-08-15,1250082301.0,1260320406.0,42421222.0,42271280.0,30267955.0,12003325.0,26049129.314229578,6412165.0,46247162.0,46247162.0,0.0,149942.0
2013-08-16,1258025993.0,1250082301.0,41683536.0,41535972.0,29961502.0,11574470.0,-7304532.482661694,1588741.0,32151103.0,32151103.0,0.0,147564.0
2013-08-17,1271021529.0,1258025993.0,17670519.0,17522875.0,10792404.0,6730471.0,-25469749.335662484,1555761.0,3119222.0,3119222.0,0.0,147644.0
2013-08-18,1315506321.0,1271021529.0,59703092.0,59555804.0,48363051.0,11192753.0,-511915.3606658578,1049130.0,14169170.0,13607144.0,562026.0,147288.0
2013-08-19,1396351270.0,1315506321.0,109184209.0,109039743.0,93558910.0,15480833.0,877583.671582371,2827001.0,25512259.0,24585884.0,926375.0,144466.0
2013-08-20,1419895554.0,1396351270.0,53675509.0,53525266.0,32336915.0,21188351.0,1441354.9954762459,2331156.0,27800069.0,22614527.0,5185542.0,150243.0
2013-08-21,1428096658.0,1419895554.0,38184446.0,38016570.0,22840717.0,15175853.0,-932516.0490385294,1487466.0,28495876.0,28056688.0,439188.0,167876.0
2013-08-22,1492226723.0,1428096658.0,89130737.0,88961196.0,75601493.0,13359703.0,-12272034.894471377,2011337.0,22989335.0,4751853.0,18237482.0,169541.0
2013-08-23,1504424975.0,1492226723.0,37878575.0,37707135.0,21923609.0,15783526.0,-7265314.297977567,2928413.0,22751910.0,16963681.0,5788229.0,171440.0
2013-08-24,1534475645.0,1504424975.0,44367268.0,44188538.0,32022342.0,12166196.0,-7696963.330287486,3151997.0,11164601.0,5951141.0,5213460.0,178730.0
2013-08-25,1559664125.0,1534475645.0,43306288.0,43128521.0,28531519.0,14597002.0,41797.4646936059,1946279.0,16171529.0,8774008.0,7397521.0,177767.0
2013-08-26,1613522680.0,1559664125.0,74496541.0,74325753.0,50885562.0,23440191.0,-9571765.079381466,3918170.0,16719816.0,7070763.0,9649053.0,170788.0
2013-08-27,1598653075.0,1613522680.0,45268028.0,45089370.0,33855884.0,11233486.0,32423981.437219948,1713586.0,58424047.0,5683840.0,52740207.0,178658.0
2013-08-28,1611558533.0,1598653075.0,46602319.0,46414328.0,26923896.0,19490432.0,-9435183.885617763,3193850.0,30503011.0,27302135.0,3200876.0,187991.0
2013-08-29,1623132231.0,1611558533.0,47518666.0,47312464.0,36868023.0,10444441.0,-6345738.059289277,9618879.0,26326089.0,6450910.0,19875179.0,206202.0
2013-08-30,1658990323.0,1623132231.0,56488844.0,56266206.0,37466526.0,18799680.0,-18103751.561870813,7687108.0,12943644.0,6673809.0,6269835.0,222638.0
2013-08-31,1684633610.0,1658990323.0,47655303.0,47459849.0,25669538.0,21790311.0,-2388420.2990878224,3582164.0,18429852.0,16052130.0,2377722.0,195454.0
2013-09-01,1681533463.0,1684633610.0,56239802.0,56045782.0,36564187.0,19481595.0,37312940.682757795,8984938.0,50355011.0,4349781.0,46005230.0,194020.0
2013-09-02,1804592678.0,1681533463.0,140844739.0,140622201.0,103991419.0,36630782.0,-31267433.973283887,4903664.0,12881860.0,6708784.0,6173076.0,222538.0
2013-09-03,1845772414.0,1804592678.0,80507880.0,80314060.0,51070577.0,29243483.0,2040166.2847120464,3826502.0,35501642.0,13629313.0,21872329.0,193820.0
2013-09-04,1851686522.0,1845772414.0,33366708.0,33149101.0,22039123.0,11109978.0,-10632390.85837689,5123201.0,22329399.0,4079727.0,18249672.0,217607.0
2013-09-05,1868602123.0,1851686522.0,38716505.0,38491932.0,18051917.0,20440015.0,-18241409.576453477,4026090.0,17774814.0,5870621.0,11904193.0,224573.0
2013-09-06,1874107406.0,1868602123.0,38923186.0,38648043.0,17570388.0,21077655.0,4865038.180609226,2960086.0,30457817.0,16081369.0,14376448.0,275143.0
2013-09-07,1887839165.0,1874107406.0,34076183.0,33848786.0,19377542.0,14471244.0,-8669907.726018786,4674119.0,15670305.0,8126616.0,7543689.0,227397.0
2013-09-08,1911716952.0,1887839165.0,38796909.0,38571047.0,23022708.0,15548339.0,-12601457.956954569,3458751.0,11460371.0,6590099.0,4870272.0,225862.0
2013-09-09,1915408239.0,1911716952.0,49312473.0,49051334.0,28145783.0,20905551.0,16564594.274546474,5640803.0,39980383.0,22470137.0,17510246.0,261139.0
2013-09-10,1972964019.0,1915408239.0,94684143.0,94427415.0,59214774.0,35212641.0,-6393027.057893455,4737939.0,32390424.0,14101974.0,18288450.0,256728.0
2013-09-11,2000234396.0,1972964019.0,98944459.0,98709145.0,71068310.0,27640835.0,33829718.76018262,4887487.0,66786595.0,8915582.0,57871013.0,235314.0
2013-09-12,2023660860.0,2000234396.0,68573684.0,68334304.0,43875535.0,24458769.0,-11132088.483267903,6134732.0,39012488.0,6425604.0,32586884.0,239380.0
2013-09-13,2034804131.0,2023660860.0,71655946.0,71385620.0,41601351.0,29784269.0,14151835.930315554,6513431.0,53999244.0,23753632.0,30245612.0,270326.0
2013-09-14,2029466914.0,2034804131.0,30975443.0,30726657.0,14850336.0,15876321.0,-8997733.598433316,2449865.0,33862795.0,9025416.0,24837379.0,248786.0
2013-09-15,2041505882.0,2029466914.0,37059683.0,36813279.0,22142657.0,14670622.0,-16830886.921388745,2993592.0,22027123.0,15270867.0,6756256.0,246404.0
2013-09-16,2157977503.0,2041505882.0,161656210.0,161382323.0,134330619.0,27051704.0,4821164.681138933,4585488.0,40599101.0,10354185.0,30244916.0,273887.0
2013-09-17,2175921520.0,2157977503.0,76204815.0,75960756.0,50504307.0,25456449.0,8394109.192622185,3075100.0,55185698.0,18859824.0,36325874.0,244059.0
2013-09-18,2171644907.0,2175921520.0,42926608.0,42645589.0,27232465.0,15413124.0,-6044002.32436198,2788140.0,44415081.0,23818473.0,20596608.0,281019.0
2013-09-19,2185004443.0,2171644907.0,24778048.0,24509091.0,12890601.0,11618490.0,-39455659.481666446,2197881.0,9220631.0,6772365.0,2448266.0,268957.0
2013-09-20,2198181951.0,2185004443.0,28365762.0,28094290.0,18054480.0,10039810.0,-19154771.892659426,2462918.0,12725336.0,3457926.0,9267410.0,271472.0
2013-09-21,2203992112.0,2198181951.0,32406340.0,32133842.0,18601415.0,13532427.0,3744100.6185649633,2655841.0,23940338.0,17880107.0,6060231.0,272498.0
2013-09-22,2223544226.0,2203992112.0,67514169.0,67243692.0,36029859.0,31213833.0,19171103.098258227,4795752.0,43166303.0,22340098.0,20826205.0,270477.0
2013-09-23,2219916507.0,2223544226.0,54658160.0,54396879.0,22328835.0,32068044.0,13295130.033833712,13664826.0,44621053.0,30024517.0,14596536.0,261281.0
2013-09-24,2237486574.0,2219916507.0,74250859.0,73973408.0,48700610.0,25272798.0,-1627578.1541844904,6876331.0,49804461.0,22552195.0,27252266.0,277451.0
2013-09-25,2209922580.0,2237486574.0,47274168.0,46973702.0,20104663.0,26869039.0,19729697.156512737,3878952.0,70959210.0,41253857.0,29705353.0,300466.0
2013-09-26,2230173744.0,2209922580.0,68718693.0,68406175.0,50986446.0,17419729.0,-10640498.343433201,8338252.0,40129277.0,21599517.0,18529760.0,312518.0
2013-09-27,2244700262.0,2230173744.0,42166121.0,41868120.0,27267839.0,14600281.0,-23897558.27774191,3797939.0,23841664.0,11564733.0,12276931.0,298001.0
2013-09-28,2226590340.0,2244700262.0,39995798.0,39706452.0,14563705.0,25142747.0,21887474.796607792,6761391.0,51344329.0,16876243.0,34468086.0,289346.0
2013-09-29,2220728986.0,2226590340.0,34433848.0,34151131.0,14055266.0,20095865.0,-11571822.555462599,6378811.0,33916391.0,22588058.0,11328333.0,282717.0
2013-09-30,2218945683.0,2220728986.0,28398050.0,28118755.0,8182452.0,19936303.0,-21538381.65818137,9842291.0,20339062.0,14254160.0,6084902.0,279295.0
2013-10-01,2225269915.0,2218945683.0,19137499.0,18857154.0,6502928.0,12354226.0,-36936537.40414882,2004563.0,10808704.0,7433180.0,3375524.0,280345.0
2013-10-02,2229598749.0,2225269915.0,11562708.0,11272068.0,4072819.0,7199249.0,-32550118.79064268,2386169.0,4847705.0,2880222.0,1967483.0,290640.0
2013-10-03,2233476680.0,2229598749.0,10101194.0,9809448.0,4241086.0,5568362.0,-18264736.911408067,1502285.0,4720978.0,1589382.0,3131596.0,291746.0
2013-10-04,2229972019.0,2233476680.0,19907689.0,19615445.0,8598422.0,11017023.0,3217843.7659133673,4280664.0,19131686.0,11492105.0,7639581.0,292244.0
2013-10-05,2242370252.0,2229972019.0,26364686.0,26074038.0,16185006.0,9889032.0,-11742762.250103801,1514007.0,12452446.0,10249721.0,2202725.0,290648.0
2013-10-06,2267636377.0,2242370252.0,38730653.0,38442637.0,26616850.0,11825787.0,-14362679.983518943,2931570.0,10532958.0,8922594.0,1610364.0,288016.0
2013-10-07,2281539710.0,2267636377.0,42797733.0,42511148.0,29976033.0,12535115.0,-272420.63120025396,6620676.0,22273724.0,7474553.0,14799171.0,286585.0
2013-10-08,2313490526.0,2281539710.0,109806912.0,109484867.0,70814343.0,38670524.0,40623940.563470945,7122908.0,70733188.0,11651151.0,59082037.0,322045.0
2013-10-09,2351913449.0,2313490526.0,72422299.0,72136946.0,38830790.0,33306156.0,-23398192.562404007,8883001.0,25116375.0,10678490.0,14437885.0,285353.0
2013-10-10,2371763531.0,2351913449.0,72094613.0,71796476.0,36544934.0,35251542.0,12586327.814783484,7061370.0,45183161.0,11880117.0,33303044.0,298137.0
2013-10-11,2426771815.0,2371763531.0,82674757.0,82372594.0,43296363.0,39076231.0,-18360877.859143674,3564500.0,24101973.0,12783375.0,11318598.0,302163.0
2013-10-12,2477349968.0,2426771815.0,81901136.0,81593823.0,42609762.0,38984061.0,-6729725.971902072,6943327.0,24379656.0,6524375.0,17855281.0,307313.0
2013-10-13,2516649474.0,2477349968.0,71149981.0,70845311.0,32822745.0,38022566.0,-4797818.659614205,4273577.0,27576898.0,10611383.0,16965515.0,304670.0
2013-10-14,2606312149.0,2516649474.0,130315300.0,130020702.0,75489865.0,54530837.0,-2890694.605180919,7783174.0,32869451.0,14896890.0,17972561.0,294598.0
2013-10-15,2656917255.0,2606312149.0,85704304.0,85388933.0,41656981.0,43731952.0,-16647901.713238835,7010950.0,28088248.0,10639886.0,17448362.0,315371.0
2013-10-16,2706603364.0,2656917255.0,100948091.0,100610077.0,49684423.0,50925654.0,7842398.195834547,8108405.0,43153577.0,8534326.0,34619251.0,338014.0
2013-10-17,2770531817.0,2706603364.0,87203217.0,86867001.0,35808629.0,51058372.0,-20856265.907166183,5594997.0,17679767.0,4512267.0,13167500.0,336216.0
2013-10-18,2852744912.0,2770531817.0,98151450.0,97805294.0,49716816.0,48088478.0,-18258499.78301707,4197983.0,11740372.0,9265936.0,2474436.0,346156.0
2013-10-19,2879208658.0,2852744912.0,53148443.0,52794624.0,17807708.0,34986916.0,-1969242.1400820315,7939723.0,18744974.0,7947251.0,10797723.0,353819.0
2013-10-20,2876090997.0,2879208658.0,47766681.0,47414924.0,23808286.0,23606638.0,17994501.92013806,4669856.0,46214486.0,3590393.0,42624093.0,351757.0
2013-10-21,2936339884.0,2876090997.0,106030290.0,105669458.0,38771841.0,66897617.0,-3092435.3272097707,15776938.0,30004465.0,12306385.0,17698080.0,360832.0
2013-10-22,2985778843.0,2936339884.0,145611496.0,145262654.0,80208449.0,65054205.0,42078662.0647313,17065810.0,79106727.0,39792495.0,39314232.0,348842.0
2013-10-23,3018083493.0,2985778843.0,106093112.0,105727597.0,55822529.0,49905068.0,2916600.5060583353,12090715.0,61697747.0,24671186.0,37026561.0,365515.0
2013-10-24,3029430402.0,3018083493.0,69530830.0,69158484.0,20287230.0,48871254.0,-3276659.551730633,7363228.0,50820693.0,24085834.0,26734859.0,372346.0
2013-10-25,3047141053.0,3029430402.0,69936453.0,69558797.0,26323562.0,43235235.0,-531530.9567961693,11129979.0,41095823.0,15388480.0,25707343.0,377656.0
2013-10-26,3053536348.0,3047141053.0,55752506.0,55373965.0,14759985.0,40613980.0,-4768567.291688561,4620277.0,44736934.0,3869269.0,40867665.0,378541.0
2013-10-27,3075023321.0,3053536348.0,68007543.0,67634331.0,36450109.0,31184222.0,-7543151.459849834,11575035.0,34945535.0,22721764.0,12223771.0,373212.0
2013-10-28,3149927232.0,3075023321.0,129993375.0,129632574.0,67259575.0,62372999.0,-1355612.949309945,12996206.0,42093258.0,16468981.0,25624277.0,360801.0
2013-10-29,3208924908.0,3149927232.0,102050144.0,101671985.0,50888468.0,50783517.0,-24557144.971366405,5155539.0,37896929.0,22855535.0,15041394.0,378159.0
2013-10-30,3254679467.0,3208924908.0,109663260.0,109262475.0,57375950.0,51886525.0,8769322.763282418,7047733.0,56860968.0,22494418.0,34366550.0,400785.0
2013-10-31,3289998335.0,3254679467.0,90926701.0,90518963.0,33377309.0,57141654.0,3143524.0471088886,9967594.0,45640239.0,9460426.0,36179813.0,407738.0
2013-11-01,3373970161.0,3289998335.0,150904945.0,150490888.0,97662024.0,52828864.0,17433425.435932457,8910803.0,58022316.0,20798916.0,37223400.0,414057.0
2013-11-02,3409396955.0,3373970161.0,62132300.0,61714348.0,23865307.0,37849041.0,-31072056.409594953,9215431.0,17490075.0,7143672.0,10346403.0,417952.0
2013-11-03,3447209071.0,3409396955.0,68707870.0,68291959.0,30519678.0,37772281.0,-16289293.471732557,8410792.0,22484962.0,14516429.0,7968533.0,415911.0
2013-11-04,3616266423.0,3447209071.0,300027403.0,299614565.0,237955005.0,61659560.0,82686144.26446706,7225760.0,123744291.0,8145407.0,115598884.0,412838.0
2013-11-05,3714481373.0,3616266423.0,180904814.0,180478015.0,64596913.0,115881102.0,-12002594.812061787,12228633.0,70461231.0,14710337.0,55750894.0,426799.0
2013-11-06,3764248463.0,3714481373.0,181474910.0,181014598.0,38422060.0,142592538.0,51166917.98835248,19226831.0,112480989.0,49152384.0,63328605.0,460312.0
2013-11-07,3848905475.0,3764248463.0,167963464.0,167495139.0,39534732.0,127960407.0,-7377721.423443079,13495904.0,69810548.0,18133158.0,51677390.0,468325.0
2013-11-08,3987798639.0,3848905475.0,231749471.0,231270156.0,124106307.0,107163849.0,11371106.309979796,10129799.0,82726508.0,13757231.0,68969277.0,479315.0
2013-11-09,4068379896.0,3987798639.0,126467028.0,125980699.0,36733104.0,89247595.0,-27972976.97412467,10908069.0,34977702.0,7874091.0,27103611.0,486329.0
2013-11-10,4147899723.0,4068379896.0,164813471.0,164328004.0,48481839.0,115846165.0,19626453.689614773,21808380.0,63485264.0,25181514.0,38303750.0,485467.0
2013-11-11,4068761211.0,4147899723.0,147986439.0,147425452.0,69094170.0,78331282.0,139360364.17296767,180655486.0,46469465.0,7155297.0,39314168.0,560987.0
2013-11-12,4085967334.0,4068761211.0,148469647.0,147913613.0,75656414.0,72257199.0,-17560620.454671025,12308127.0,118955397.0,13535932.0,105419465.0,556034.0
2013-11-13,4181400870.0,4085967334.0,174554976.0,174000238.0,104660075.0,69340163.0,-45045299.07095647,14898738.0,64222702.0,36973694.0,27249008.0,554738.0
2013-11-14,4296842778.0,4181400870.0,167996058.0,167462695.0,85700589.0,81762106.0,-34351026.51390278,8088009.0,44466141.0,22737277.0,21728864.0,533363.0
2013-11-15,4362903228.0,4296842778.0,124270704.0,123661256.0,44129861.0,79531395.0,-19647656.927138805,9874031.0,48336223.0,13669346.0,34666877.0,609448.0
2013-11-16,4451992661.0,4362903228.0,118085705.0,117530834.0,62614420.0,54916414.0,-24359656.135422707,7299663.0,21696609.0,15626737.0,6069872.0,554871.0
2013-11-17,4521421128.0,4451992661.0,111786622.0,111233475.0,45938489.0,65294986.0,-15560176.607673645,10008509.0,32349646.0,17699482.0,14650164.0,553147.0
2013-11-18,4580270823.0,4521421128.0,195766477.0,195210552.0,94427782.0,100782770.0,51040844.856104195,14312742.0,122604040.0,41227427.0,81376613.0,555925.0
2013-11-19,4641328007.0,4580270823.0,131365419.0,130801756.0,47990602.0,82811154.0,-37381433.985488355,14639949.0,55668286.0,15545895.0,40122391.0,563663.0
2013-11-20,4720539791.0,4641328007.0,166163002.0,165560984.0,56087750.0,109473234.0,9416915.028690696,13264281.0,73686937.0,22879788.0,50807149.0,602018.0
2013-11-21,4866972767.0,4720539791.0,221166938.0,220554500.0,118123549.0,102430951.0,5113648.793688476,8839246.0,65894716.0,16100622.0,49794094.0,612438.0
2013-11-22,4912783533.0,4866972767.0,128528687.0,127901717.0,42947137.0,84954580.0,801468.4940479398,20387183.0,62330738.0,24678325.0,37652413.0,626970.0
2013-11-23,4953010420.0,4912783533.0,89109018.0,88464354.0,28994052.0,59470302.0,-10232362.55041802,6482889.0,42399242.0,11475436.0,30923806.0,644664.0
2013-11-24,4969849464.0,4953010420.0,102394991.0,101754797.0,57943382.0,43811415.0,15405357.295157433,7319621.0,78236326.0,9204891.0,69031435.0,640194.0
2013-11-25,5046879939.0,4969849464.0,147143602.0,146505434.0,74040394.0,72465040.0,-44762022.52513933,23796084.0,46317043.0,9657210.0,36659833.0,638168.0
2013-11-26,5239114658.0,5046879939.0,258037702.0,257385328.0,167619964.0,89765364.0,-21143405.457258165,16533187.0,49269796.0,10910790.0,38359006.0,652374.0
2013-11-27,5287759288.0,5239114658.0,134774128.0,134089685.0,57779508.0,76310177.0,15092423.678875387,13441519.0,72687979.0,8395361.0,64292618.0,684443.0
2013-11-28,5366066122.0,5287759288.0,139760425.0,139046863.0,58319586.0,80727277.0,-8676569.4953565,12326030.0,49127561.0,20095247.0,29032314.0,713562.0
2013-11-29,5364620300.0,5366066122.0,122536344.0,121810671.0,43456530.0,78354141.0,49344896.58682752,12980677.0,111001489.0,15313495.0,95687994.0,725673.0
2013-11-30,5361825481.0,5364620300.0,116865492.0,116137403.0,58697397.0,57440006.0,46510857.03136933,10367540.0,109292771.0,21919187.0,87373584.0,728089.0
2013-12-01,5405083240.0,5361825481.0,137889992.0,137174775.0,59786618.0,77388157.0,-11823855.286773205,20461768.0,74170465.0,15707290.0,58463175.0,715217.0
2013-12-02,5621931412.0,5405083240.0,345313258.0,344606438.0,181458812.0,163147626.0,3842501.9137872458,31233938.0,97231148.0,47382011.0,49849137.0,706820.0
2013-12-03,5788936223.0,5621931412.0,268666856.0,267952466.0,96712045.0,171240421.0,-14651138.821070194,25720023.0,75942022.0,22917759.0,53024263.0,714390.0
2013-12-04,5938411266.0,5788936223.0,219456372.0,218681591.0,102384322.0,116297269.0,-30910571.175529957,15845867.0,54135462.0,7852080.0,46283382.0,774781.0
2013-12-05,6010979734.0,5938411266.0,190825287.0,190022709.0,69146648.0,120876061.0,43918357.79133928,13825962.0,104430857.0,39525525.0,64905332.0,802578.0
2013-12-06,6080551322.0,6010979734.0,152197159.0,151391317.0,55634193.0,95757124.0,-26565885.82135856,10624967.0,72000604.0,27086231.0,44914373.0,805842.0
2013-12-07,6147517880.0,6080551322.0,138882605.0,138063886.0,70946815.0,67117071.0,-2185367.517667055,14079254.0,57836793.0,7621422.0,50215371.0,818719.0
2013-12-08,6196090491.0,6147517880.0,124886903.0,124072382.0,39666888.0,84405494.0,-9255656.635082722,19207555.0,57106737.0,7934169.0,49172568.0,814521.0
2013-12-09,6237388004.0,6196090491.0,174652812.0,173818023.0,58079956.0,115738067.0,19064682.22303772,20902701.0,112452598.0,12725637.0,99726961.0,834789.0
2013-12-10,6269712275.0,6237388004.0,179471612.0,178632183.0,64157045.0,114475138.0,36586785.9137485,15768961.0,131378380.0,27083516.0,104294864.0,839429.0
2013-12-11,6399314660.0,6269712275.0,239916977.0,239051211.0,138677071.0,100374140.0,-5648319.908590078,16209163.0,94105429.0,32858604.0,61246825.0,865766.0
2013-12-12,6447584392.0,6399314660.0,140360007.0,139456440.0,37802740.0,101653700.0,-9517481.891077042,44454483.0,47635792.0,11324110.0,36311682.0,903567.0
2013-12-13,6521478868.0,6447584392.0,164672690.0,163756758.0,51626995.0,112129763.0,-16107486.208125234,31197293.0,59580921.0,23943149.0,35637772.0,915932.0
2013-12-14,6598289813.0,6521478868.0,129045596.0,128124144.0,60894040.0,67230104.0,-27044217.7560606,15765191.0,36469460.0,13547421.0,22922039.0,921452.0
2013-12-15,6749415054.0,6598289813.0,205882387.0,204965245.0,126617857.0,78347388.0,-24453948.673512578,18057269.0,36699877.0,8502234.0,28197643.0,917142.0
2013-12-16,6789747659.0,6749415054.0,196489931.0,195558740.0,76785117.0,118773623.0,48035084.500724554,32671212.0,123486114.0,31097965.0,92388149.0,931191.0
2013-12-17,6867190613.0,6789747659.0,193980797.0,193053100.0,62804752.0,130248348.0,-6292149.983972788,12025370.0,104512473.0,14476061.0,90036412.0,927697.0
2013-12-18,6845185545.0,6867190613.0,180215804.0,179244717.0,44534059.0,134710658.0,96132091.03625071,10725473.0,191495399.0,50257836.0,141237563.0,971087.0
2013-12-19,6914793558.0,6845185545.0,233631357.0,232618878.0,97470048.0,135148830.0,30267662.706184983,15536057.0,148487287.0,21715384.0,126771903.0,1012479.0
2013-12-20,6894981995.0,6914793558.0,133867400.0,132849845.0,39915508.0,92934337.0,5689975.938296795,19964515.0,133714448.0,33286473.0,100427975.0,1017555.0
2013-12-21,6923831180.0,6894981995.0,112000779.0,110979622.0,43066009.0,67913613.0,-31504787.15855527,10610110.0,72541484.0,22399613.0,50141871.0,1021157.0
2013-12-22,6994376148.0,6923831180.0,154543217.0,153531785.0,70446218.0,83085567.0,-25643111.50161791,20715917.0,63282332.0,16987033.0,46295299.0,1011432.0
2013-12-23,7054645270.0,6994376148.0,198747367.0,197669761.0,70138872.0,127530889.0,-246934.61296200752,24846016.0,113632229.0,40662170.0,72970059.0,1077606.0
2013-12-24,7241443693.0,7054645270.0,305406334.0,304333324.0,189794936.0,114538388.0,-11089874.467856884,21559120.0,97048791.0,25956197.0,71092594.0,1073010.0
2013-12-25,7448764361.0,7241443693.0,380076148.0,378896458.0,207488097.0,171408361.0,50218356.11157417,27956029.0,144799451.0,25199652.0,119599799.0,1179690.0
2013-12-26,7427199206.0,7448764361.0,220287409.0,219035100.0,86180958.0,132854142.0,110261283.87065923,21372055.0,220480509.0,21879648.0,198600861.0,1252309.0
2013-12-27,7474795625.0,7427199206.0,211118967.0,209818922.0,71581657.0,138237265.0,-15836828.221119523,22373377.0,141149171.0,16737992.0,124411179.0,1300045.0
2013-12-28,7606220411.0,7474795625.0,192808006.0,191506544.0,82079222.0,109427322.0,-62805492.70707321,18517636.0,42865584.0,10339282.0,32526302.0,1301462.0
2013-12-29,7712563769.0,7606220411.0,161473347.0,160179393.0,80308840.0,79870553.0,-50335174.94351208,15925186.0,39204803.0,5655465.0,33549338.0,1293954.0
2013-12-30,7819095923.0,7712563769.0,286358778.0,285062954.0,121679259.0,163383695.0,47080688.527528405,20652334.0,159174290.0,40393506.0,118780784.0,1295824.0
2013-12-31,7950715327.0,7819095923.0,265851934.0,264556746.0,115229028.0,149327718.0,-8945763.01553297,23640780.0,110591750.0,19505479.0,91086271.0,1295188.0
2014-01-01,8204274137.0,7950715327.0,330926565.0,329555717.0,93419831.0,236135886.0,-64003272.89536035,21750788.0,55616967.0,15782631.0,39834336.0,1370848.0
2014-01-02,8449075426.0,8204274137.0,434956739.0,433531489.0,145093807.0,288437682.0,77053820.5488329,22941048.0,167214402.0,26734732.0,140479670.0,1425250.0
2014-01-03,8663435976.0,8449075426.0,342074805.0,340640596.0,143850914.0,196789682.0,-24696355.96713853,23841309.0,103872946.0,27165547.0,76707399.0,1434209.0
2014-01-04,8749652812.0,8663435976.0,186085910.0,184607251.0,49062116.0,135545135.0,10531143.038414001,21965772.0,77903302.0,10496655.0,67406647.0,1478659.0
2014-01-05,8798901523.0,8749652812.0,206030707.0,204559800.0,61986069.0,142573731.0,55154781.152364016,20843557.0,135938439.0,37596243.0,98342196.0,1470907.0
2014-01-06,9050477936.0,8798901523.0,442494042.0,441042872.0,198531158.0,242511714.0,5273912.9622449875,25009899.0,165907730.0,35042141.0,130865589.0,1451170.0
2014-01-07,9502231639.0,9050477936.0,589726496.0,588222460.0,231240835.0,356981625.0,-22746123.706433296,27531206.0,110441587.0,23886191.0,86555396.0,1504036.0
2014-01-08,9552376725.0,9502231639.0,264025160.0,262398195.0,73458333.0,188939862.0,68620826.3172127,24398384.0,189481690.0,22175353.0,167306337.0,1626965.0
2014-01-09,9692683975.0,9552376725.0,280698487.0,279057823.0,115504758.0,163553065.0,-43724804.32880783,25855665.0,114535572.0,27071650.0,87463922.0,1640664.0
2014-01-10,9813222458.0,9692683975.0,237797636.0,236112121.0,81263442.0,154848679.0,-36649421.32759738,26458750.0,90800403.0,26710276.0,64090127.0,1685515.0
2014-01-11,9985095714.0,9813222458.0,243403438.0,241731696.0,147087308.0,94644388.0,-17623027.761201024,30620108.0,40910074.0,14724475.0,26185599.0,1671742.0
2014-01-12,10071845246.0,9985095714.0,228255344.0,226592609.0,70170242.0,156422367.0,37899014.518814206,24005816.0,117499996.0,26923654.0,90576342.0,1662735.0
2014-01-13,10340128524.0,10071845246.0,447207050.0,445546064.0,140961565.0,304584499.0,1605738.1142847538,21903534.0,157020238.0,31182941.0,125837297.0,1660986.0
2014-01-14,10537257263.0,10340128524.0,356907128.0,355227951.0,136709487.0,218518464.0,8278094.047108054,29631300.0,130147089.0,26903661.0,103243428.0,1679177.0
2014-01-15,10751047734.0,10537257263.0,391408718.0,389643679.0,64750474.0,324893205.0,18068357.382012248,38808458.0,138809789.0,28292066.0,110517723.0,1765039.0
2014-01-16,10972827391.0,10751047734.0,374947083.0,373159557.0,106140501.0,267019056.0,-17496894.161528468,23865821.0,129301605.0,26988051.0,102313554.0,1787526.0
2014-01-17,11190869034.0,10972827391.0,345426853.0,343608394.0,88624595.0,254983799.0,-22175895.847580433,21879996.0,105505214.0,18305723.0,87199491.0,1818459.0
2014-01-18,11281199880.0,11190869034.0,233200688.0,231380252.0,89497089.0,141883163.0,50237375.03351021,36540346.0,106329496.0,31449193.0,74880303.0,1820436.0
2014-01-19,11348652551.0,11281199880.0,185082022.0,183275869.0,45738067.0,137537802.0,-23631685.07670808,29952235.0,87677116.0,21831199.0,65845917.0,1806153.0
2014-01-20,11241417494.0,11348652551.0,335761027.0,333912224.0,66330226.0,267581998.0,262341310.58072913,45103607.0,397892477.0,36654039.0,361238438.0,1848803.0
2014-01-21,11351446969.0,11241417494.0,412854611.0,411045427.0,105334037.0,305711390.0,41374585.51437926,48810525.0,254014611.0,34959044.0,219055567.0,1809184.0
2014-01-22,11557321387.0,11351446969.0,498730606.0,496881726.0,116679482.0,380202244.0,32500451.756700277,35396154.0,257460034.0,50621581.0,206838453.0,1848880.0
2014-01-23,11829747156.0,11557321387.0,481450097.0,479509602.0,102994484.0,376515118.0,-39255319.153152466,37120406.0,171903922.0,30727063.0,141176859.0,1940495.0
2014-01-24,12098022049.0,11829747156.0,614103894.0,612133670.0,144614549.0,467519121.0,130615761.62678695,37926576.0,307902425.0,29754999.0,278147426.0,1970224.0
2014-01-25,12353351816.0,12098022049.0,440854623.0,438919123.0,125183326.0,313735797.0,-24105861.68360281,44376079.0,141148777.0,33390830.0,107757947.0,1935500.0
2014-01-26,12550001817.0,12353351816.0,528402520.0,526466645.0,101475502.0,424991143.0,125627027.3546238,19451300.0,312301219.0,39439760.0,272861459.0,1935875.0
2014-01-27,12926555440.0,12550001817.0,657199484.0,655298101.0,196149985.0,459148116.0,-44737232.61332631,36768288.0,243877573.0,58856167.0,185021406.0,1901383.0
2014-01-28,13521645866.0,12926555440.0,843424742.0,841426055.0,202335691.0,639090364.0,-12057840.3667171,32950093.0,215384223.0,47826061.0,167558162.0,1998687.0
2014-01-29,14258960858.0,13521645866.0,952479658.0,950357375.0,102260088.0,848097287.0,-23351883.309699297,48600473.0,166564193.0,38228588.0,128335605.0,2122283.0
2014-01-30,14381588964.0,14258960858.0,227916211.0,225754304.0,44901628.0,180852676.0,-111631208.3879776,18939954.0,86348151.0,13588206.0,72759945.0,2161907.0
2014-01-31,14420780750.0,14381588964.0,87324175.0,85045931.0,20914075.0,64131856.0,-127563931.56524873,10305654.0,37826735.0,7796701.0,30030034.0,2278244.0
2014-02-01,14423540862.0,14420780750.0,64287172.0,61983151.0,14043513.0,47939638.0,-15936162.394026518,11374370.0,50152690.0,18881191.0,31271499.0,2304021.0
2014-02-02,14457057903.0,14423540862.0,57912761.0,55617117.0,20359506.0,35257611.0,-101485022.04822063,11592943.0,12802777.0,2770284.0,10032493.0,2295644.0
2014-02-03,14495278557.0,14457057903.0,84329848.0,82037541.0,22041714.0,59995827.0,-114492827.19663918,20070740.0,26038454.0,4221624.0,21816830.0,2292307.0
2014-02-04,14534004870.0,14495278557.0,83653646.0,81355092.0,14062302.0,67292790.0,-56720166.7208755,14428523.0,30498810.0,9930337.0,20568473.0,2298554.0
2014-02-05,14647641156.0,14534004870.0,209043990.0,206723577.0,21148444.0,185575133.0,-1520979.4517601132,34014315.0,61393389.0,14581824.0,46811565.0,2320413.0
2014-02-06,14763866096.0,14647641156.0,227860276.0,225540877.0,30213062.0,195327815.0,16242859.837549984,37275155.0,74360181.0,27131322.0,47228859.0,2319399.0
2014-02-07,15069202104.0,14763866096.0,578818221.0,576343567.0,133973411.0,442370156.0,158896405.91272354,28411171.0,245071042.0,43274926.0,201796116.0,2474654.0
2014-02-08,15244025335.0,15069202104.0,358255468.0,355819907.0,40691777.0,315128130.0,41313612.462025166,29127148.0,154305089.0,17759331.0,136545758.0,2435561.0
2014-02-09,15322982520.0,15244025335.0,341911234.0,339490129.0,51108036.0,288382093.0,81323211.51437593,28979242.0,233974807.0,22488350.0,211486457.0,2421105.0
2014-02-10,15538694249.0,15322982520.0,647465140.0,645043184.0,125447760.0,519595424.0,169620198.42819118,52832088.0,378921323.0,31775846.0,347145477.0,2421956.0
2014-02-11,16114439292.0,15538694249.0,818803205.0,816390370.0,245808059.0,570582311.0,-53185606.80136037,39473499.0,203584663.0,30415422.0,173169241.0,2412835.0
2014-02-12,16522863143.0,16114439292.0,763009770.0,760453811.0,182145168.0,578308643.0,108483978.75909114,49996692.0,304589227.0,48908222.0,255681005.0,2555959.0
2014-02-13,16786803951.0,16522863143.0,626698794.0,624058677.0,111451545.0,512607132.0,96638994.42793512,49969512.0,312788474.0,33636126.0,279152348.0,2640117.0
2014-02-14,17014252486.0,16786803951.0,490710434.0,488021625.0,133959311.0,354062314.0,-44747331.812067986,114214873.0,149047026.0,47348366.0,101698660.0,2688809.0
2014-02-15,17148181972.0,17014252486.0,255393179.0,252650784.0,50504975.0,202145809.0,-86365570.3591423,23332090.0,98131603.0,26924012.0,71207591.0,2742395.0
2014-02-16,17296449376.0,17148181972.0,331324628.0,328597307.0,61936172.0,266661135.0,-21844011.198738813,27525012.0,155532212.0,34056657.0,121475555.0,2727321.0
2014-02-17,17596758169.0,17296449376.0,706118060.0,703414276.0,101445973.0,601968303.0,141494551.75334978,25038922.0,380770345.0,67346083.0,313424262.0,2703784.0
2014-02-18,17919195990.0,17596758169.0,593563145.0,590856887.0,81848295.0,509008592.0,-7539360.206654072,41210804.0,229914520.0,48672510.0,181242010.0,2706258.0
2014-02-19,18003573505.0,17919195990.0,408367966.0,405532115.0,45373979.0,360158136.0,59176621.27900863,27154783.0,296835668.0,37714675.0,259120993.0,2835851.0
2014-02-20,18251643286.0,18003573505.0,478925191.0,476045215.0,102087332.0,373957883.0,-41737301.073964596,42179906.0,188675504.0,35175830.0,153499674.0,2879976.0
2014-02-21,18426710525.0,18251643286.0,353981687.0,351086615.0,52081757.0,299004858.0,-77953033.44006157,35272987.0,143641461.0,38164915.0,105476546.0,2895072.0
2014-02-22,18573998113.0,18426710525.0,282022706.0,279083130.0,97883214.0,181199916.0,-7417068.423479319,37388618.0,97346500.0,13927043.0,83419457.0,2939576.0
2014-02-23,18715837772.0,18573998113.0,337053711.0,334129711.0,70825865.0,263303846.0,525322.352098465,27025520.0,168188532.0,22090461.0,146098071.0,2924000.0
2014-02-24,18898684661.0,18715837772.0,656317045.0,653397733.0,203203164.0,450194569.0,191195542.74545598,38373586.0,435096570.0,38390594.0,396705976.0,2919312.0
2014-02-25,19163035198.0,18898684661.0,563505889.0,560651569.0,134346664.0,426304905.0,-10425768.408210993,50699394.0,248455958.0,43867571.0,204588387.0,2854320.0
2014-02-26,19559016661.0,19163035198.0,680801145.0,677828663.0,202317738.0,475510925.0,-9335278.641859531,53686988.0,231132694.0,44707073.0,186425621.0,2972482.0
2014-02-27,19739139913.0,19559016661.0,672909288.0,669926875.0,141301002.0,528625873.0,232754226.15890217,61051395.0,431734641.0,33471939.0,398262702.0,2982413.0
2014-02-28,19845831463.0,19739139913.0,428721754.0,425722217.0,86054744.0,339667473.0,-38300842.78220034,48124571.0,273905633.0,40145953.0,233759680.0,2999537.0
2014-03-01,19997418032.0,19845831463.0,362865580.0,359812461.0,103652657.0,256159804.0,-20055954.57006216,39537010.0,171742001.0,46757660.0,124984341.0,3053119.0
2014-03-02,20027420845.0,19997418032.0,276202230.0,273172567.0,90720059.0,182452508.0,-18476080.21886444,46033199.0,200166218.0,38505331.0,161660887.0,3029663.0
2014-03-03,20019709347.0,20027420845.0,505305862.0,502322723.0,139970256.0,362352467.0,144691780.25209236,45213317.0,467804043.0,65897484.0,401906559.0,2983139.0
2014-03-04,20293292709.0,20019709347.0,524146340.0,521192622.0,206653555.0,314539067.0,-97413657.83711672,44291502.0,206271476.0,42801499.0,163469977.0,2953718.0
2014-03-05,20538515447.0,20293292709.0,454295491.0,451245946.0,91287267.0,359958679.0,-84733499.72822332,48032386.0,161040367.0,44777164.0,116263203.0,3049545.0
2014-03-06,20857153333.0,20538515447.0,561787770.0,558722119.0,240492858.0,318229261.0,-17526016.69096756,30563498.0,212586386.0,34572653.0,178013733.0,3065651.0
2014-03-07,20946205892.0,20857153333.0,380139779.0,377058943.0,95021643.0,282037300.0,28030934.598827124,42629946.0,248457274.0,37427390.0,211029884.0,3080836.0
2014-03-08,21049156859.0,20946205892.0,243274169.0,240156774.0,54611908.0,185544866.0,-33949562.70457697,43290047.0,97033155.0,21505157.0,75527998.0,3117395.0
2014-03-09,21087596875.0,21049156859.0,244752519.0,241650547.0,68363391.0,173287156.0,-9406569.572070122,31892792.0,174419711.0,26451130.0,147968581.0,3101972.0
2014-03-10,21276894327.0,21087596875.0,497338076.0,494278563.0,146463415.0,347815148.0,-45171746.49026394,53902450.0,254138174.0,66525423.0,187612751.0,3059513.0
2014-03-11,21211355257.0,21276894327.0,430500816.0,427448087.0,194534475.0,232913612.0,249846216.28439474,47244953.0,448794933.0,27674624.0,421120309.0,3052729.0
2014-03-12,21171871886.0,21211355257.0,377007897.0,373891397.0,132571107.0,241320290.0,71819583.63082027,34788679.0,381702589.0,65733259.0,315969330.0,3116500.0
2014-03-13,21201185254.0,21171871886.0,346286910.0,343188988.0,102654466.0,240534522.0,-43703860.62158108,47886605.0,269086937.0,55076814.0,214010123.0,3097922.0
2014-03-14,21205507113.0,21201185254.0,315897431.0,312802600.0,77247724.0,235554876.0,-17613532.165940285,44371878.0,267203694.0,33333597.0,233870097.0,3094831.0
2014-03-15,21250115067.0,21205507113.0,287407002.0,284310353.0,62427388.0,221882965.0,24712626.624419212,34294409.0,208504639.0,17959278.0,190545361.0,3096649.0
2014-03-16,21128917911.0,21250115067.0,269387391.0,266319616.0,71014819.0,195304797.0,119235316.96273565,19600978.0,370983569.0,25259589.0,345723980.0,3067775.0
2014-03-17,21027301401.0,21128917911.0,339008082.0,336026313.0,70763233.0,265263080.0,-5946400.8489694595,50250618.0,390373974.0,54475186.0,335898788.0,2981769.0
2014-03-18,21052539792.0,21027301401.0,435479117.0,432490715.0,149391004.0,283099711.0,41299518.50263071,54642238.0,355598488.0,31133912.0,324464576.0,2988402.0
2014-03-19,20982254939.0,21052539792.0,359014064.0,355963833.0,76164526.0,279799307.0,66280578.59715319,30164627.0,399134290.0,51068160.0,348066130.0,3050231.0
2014-03-20,21011190054.0,20982254939.0,365011495.0,361964978.0,159168755.0,202796223.0,-36691488.44990921,36054285.0,300022095.0,26850670.0,273171425.0,3046517.0
2014-03-21,21033886586.0,21011190054.0,282351818.0,279298412.0,81707625.0,197590787.0,-78342800.54631472,39994785.0,219660501.0,49883826.0,169776675.0,3053406.0
2014-03-22,21087547309.0,21033886586.0,191700135.0,188663159.0,104204913.0,84458246.0,-73501915.53959227,33200246.0,104839166.0,21342777.0,83496389.0,3036976.0
2014-03-23,21068560367.0,21087547309.0,167456369.0,164431433.0,61783931.0,102647502.0,-60965655.2142601,30812667.0,155630644.0,23200850.0,132429794.0,3024936.0
2014-03-24,20943915442.0,21068560367.0,313180334.0,310195156.0,121357732.0,188837424.0,84041396.36310124,38247589.0,399577670.0,35544574.0,364033096.0,2985178.0
2014-03-25,20945549933.0,20943915442.0,314345006.0,311396094.0,94883459.0,216512635.0,-27640555.960526705,47181167.0,265529348.0,43213212.0,222316136.0,2948912.0
2014-03-26,20768231244.0,20945549933.0,272935544.0,269973892.0,118271061.0,151702831.0,131879072.78970718,38674025.0,411580208.0,51808075.0,359772133.0,2961652.0
2014-03-27,20675390684.0,20768231244.0,266231082.0,263304080.0,106411792.0,156892288.0,2497584.0796391964,36993856.0,322077786.0,33134383.0,288943403.0,2927002.0
2014-03-28,20495913093.0,20675390684.0,225966355.0,223056705.0,69697401.0,153359304.0,70507548.3107953,37979942.0,367464004.0,35799401.0,331664603.0,2909650.0
2014-03-29,20501158022.0,20495913093.0,160250985.0,157359026.0,54547795.0,102811231.0,-101082196.09117413,31519710.0,123486346.0,32626204.0,90860142.0,2891959.0
2014-03-30,20441977145.0,20501158022.0,205533934.0,202657833.0,64340475.0,138317358.0,-9245364.937484741,34723348.0,229991463.0,45887646.0,184103817.0,2876101.0
2014-03-31,20417009416.0,20441977145.0,398884905.0,396026448.0,154073551.0,241952897.0,18269358.85230255,48345100.0,375507534.0,56545010.0,318962524.0,2858457.0
2014-04-01,20592900643.0,20417009416.0,453320585.0,450478122.0,146539591.0,303938531.0,-81034657.7307272,49540539.0,227888819.0,37116613.0,190772206.0,2842463.0
2014-04-02,20675635695.0,20592900643.0,355347118.0,352449616.0,141024158.0,211425458.0,-49752620.8132143,51040952.0,221571114.0,28301147.0,193269967.0,2897502.0
2014-04-03,20772907358.0,20675635695.0,363877120.0,360958034.0,165866758.0,195091276.0,-24464688.462212563,45762040.0,220843417.0,46915541.0,173927876.0,2919086.0
2014-04-04,20824610615.0,20772907358.0,251895894.0,248968008.0,62838487.0,186129521.0,-83221843.01283026,37871189.0,162321448.0,35154471.0,127166977.0,2927886.0
2014-04-05,20863747475.0,20824610615.0,202336542.0,199391149.0,68763348.0,130627801.0,26383208.24659419,43889726.0,119309956.0,23061774.0,96248182.0,2945393.0
2014-04-06,20853648046.0,20863747475.0,129477254.0,126550557.0,36688261.0,89862296.0,-95880001.48395824,29557907.0,110018776.0,41472248.0,68546528.0,2926697.0
2014-04-07,20873617708.0,20853648046.0,196936223.0,194021386.0,64582752.0,129438634.0,-164745430.23289776,40119763.0,136846798.0,35095605.0,101751193.0,2914837.0
2014-04-08,20978372726.0,20873617708.0,354770149.0,351854096.0,104834487.0,247019609.0,28965341.309705734,44570398.0,205444733.0,31814997.0,173629736.0,2916053.0
2014-04-09,21072390013.0,20978372726.0,383347565.0,380410136.0,150308931.0,230101205.0,27934594.392927647,50308002.0,239022276.0,37522743.0,201499533.0,2937429.0
2014-04-10,21172042609.0,21072390013.0,386567460.0,383627601.0,164835943.0,218791658.0,21446681.96154356,53154622.0,233760242.0,44846276.0,188913966.0,2939859.0
2014-04-11,21132795057.0,21172042609.0,237829882.0,234895147.0,71143892.0,163751255.0,11711842.314803123,84205696.0,192871738.0,31674982.0,161196756.0,2934735.0
2014-04-12,21187141790.0,21132795057.0,177642053.0,174695525.0,63462337.0,111233188.0,-44924184.98079014,39287860.0,84007460.0,23075537.0,60931923.0,2946528.0
2014-04-13,21216380053.0,21187141790.0,208172985.0,205239452.0,95888440.0,109351012.0,-35461471.92134404,50587988.0,128346734.0,16961535.0,111385199.0,2933533.0
2014-04-14,21110246338.0,21216380053.0,309853269.0,306943182.0,110231602.0,196711580.0,83934198.37097025,40950669.0,375036315.0,48560908.0,326475407.0,2910087.0
2014-04-15,21253634493.0,21110246338.0,428681231.0,425805725.0,166536898.0,259268827.0,-36765099.00765824,35499014.0,249794062.0,25902576.0,223891486.0,2875506.0
2014-04-16,21385567691.0,21253634493.0,387847838.0,384939019.0,153844890.0,231094129.0,-57495781.82801318,43923418.0,211991222.0,34265047.0,177726175.0,2908819.0
2014-04-17,21476018746.0,21385567691.0,355792647.0,352880124.0,159555287.0,193324837.0,-8428733.182363749,38627405.0,226714187.0,43037306.0,183676881.0,2912523.0
2014-04-18,21489366220.0,21476018746.0,239300383.0,236377510.0,73108437.0,163269073.0,-40964201.969456196,32020413.0,193932496.0,42736396.0,151196100.0,2922873.0
2014-04-19,21611720646.0,21489366220.0,268729366.0,265789873.0,146828058.0,118961815.0,7863543.659814119,33261685.0,113113255.0,27904791.0,85208464.0,2939493.0
2014-04-20,21641922394.0,21611720646.0,191259529.0,188336377.0,71649902.0,116686475.0,-49238832.87567687,35438855.0,125618926.0,40827019.0,84791907.0,2923152.0
2014-04-21,21647421805.0,21641922394.0,301134667.0,298219498.0,109912061.0,188307437.0,-39780003.0348382,65340198.0,230295058.0,40422597.0,189872461.0,2915169.0
2014-04-22,21663860421.0,21647421805.0,285248757.0,282350142.0,94938709.0,187411433.0,2159819.1881375313,46610311.0,222199830.0,46793868.0,175405962.0,2898615.0
2014-04-23,21699066792.0,21663860421.0,313677307.0,310757394.0,101574511.0,209182883.0,-3659894.55597806,47960929.0,230510007.0,59708761.0,170801246.0,2919913.0
2014-04-24,21792888929.0,21699066792.0,318358891.0,315468612.0,141918866.0,173549746.0,-43374607.42297554,43022139.0,181514615.0,33308384.0,148206231.0,2890279.0
2014-04-25,21786052069.0,21792888929.0,220927432.0,218042417.0,83493221.0,134549196.0,-15199397.969000816,41053152.0,186711140.0,30947018.0,155764122.0,2885015.0
2014-04-26,21779554522.0,21786052069.0,151625415.0,148727987.0,56777731.0,91950256.0,25154861.40597129,34986838.0,123136124.0,19403230.0,103732894.0,2897428.0
2014-04-27,21734477096.0,21779554522.0,146837951.0,143955720.0,61671443.0,82284277.0,-14339034.259138584,28315151.0,163600226.0,56209644.0,107390582.0,2882231.0
2014-04-28,21731689633.0,21734477096.0,324937272.0,322059893.0,125000679.0,197059214.0,-12317872.078065395,53228205.0,274496530.0,58440825.0,216055705.0,2877379.0
2014-04-29,21754718388.0,21731689633.0,330607104.0,327753580.0,127521090.0,200232490.0,24624532.756294727,48275458.0,259302891.0,68367067.0,190935824.0,2853524.0
2014-04-30,21732973743.0,21754718388.0,260091330.0,257193410.0,79931074.0,177262336.0,-22948184.264787197,61314568.0,220521407.0,48418212.0,172103195.0,2897920.0
2014-05-01,21782656094.0,21732973743.0,193045106.0,190175350.0,58404844.0,131770506.0,-127379566.69381261,46481549.0,96881206.0,18924739.0,77956467.0,2869756.0
2014-05-02,21786770288.0,21782656094.0,125336258.0,122453074.0,33113882.0,89339192.0,-89995302.43348122,24171256.0,97050808.0,24940239.0,72110569.0,2883184.0
2014-05-03,21772296733.0,21786770288.0,185094488.0,182203439.0,54073496.0,128129943.0,113820310.90744114,41506485.0,158061558.0,44076367.0,113985191.0,2891049.0
2014-05-04,21662162261.0,21772296733.0,303087562.0,300180905.0,88981143.0,211199762.0,209208326.85208273,65972622.0,347249412.0,53215849.0,294033563.0,2906657.0
2014-05-05,21723755629.0,21662162261.0,370924149.0,368099706.0,102948704.0,265151002.0,-111670903.88795471,66043856.0,243286925.0,50320676.0,192966249.0,2824443.0
2014-05-06,21700649661.0,21723755629.0,318002728.0,315096777.0,81567892.0,233528885.0,37921417.53626084,61126871.0,279981825.0,43725251.0,236256574.0,2905951.0
2014-05-07,21878604180.0,21700649661.0,417327518.0,414463880.0,164553784.0,249910096.0,-89278941.8615148,40650214.0,198722785.0,50672610.0,148050175.0,2863638.0
2014-05-08,21998255437.0,21878604180.0,392838756.0,390000657.0,156177372.0,233823285.0,19763982.560963154,47941936.0,225245563.0,31709467.0,193536096.0,2838099.0
2014-05-09,22031990475.0,21998255437.0,281479009.0,278616335.0,127662531.0,150953804.0,6026316.662075281,48319772.0,199424199.0,25566249.0,173857950.0,2862674.0
2014-05-10,22171982318.0,22031990475.0,287240171.0,284388148.0,79585779.0,204802369.0,-28413325.193833113,38040745.0,109207583.0,28255521.0,80952062.0,2852023.0
2014-05-11,22201460800.0,22171982318.0,182424063.0,179585742.0,55148430.0,124437312.0,-80779658.2471087,38400973.0,114544608.0,22454098.0,92090510.0,2838321.0
2014-05-12,22232616489.0,22201460800.0,325108597.0,322293245.0,95909491.0,226383754.0,-21384518.55921316,48093256.0,245859652.0,34572657.0,211286995.0,2815352.0
2014-05-13,22249939607.0,22232616489.0,275241493.0,272439137.0,91142159.0,181296978.0,-6479523.1979494095,61456142.0,196462233.0,20219614.0,176242619.0,2802356.0
2014-05-14,22239188687.0,22249939607.0,305474522.0,302621995.0,100837254.0,201784741.0,46946227.50871372,45318037.0,270907405.0,25171614.0,245735791.0,2852527.0
2014-05-15,22314248133.0,22239188687.0,313367089.0,310522196.0,93964517.0,216557679.0,-25584288.934648514,37879297.0,200428346.0,39601697.0,160826649.0,2844893.0
2014-05-16,22264120640.0,22314248133.0,231967423.0,229109632.0,72479256.0,156630376.0,50022975.376227856,37551420.0,244543496.0,40061114.0,204482382.0,2857791.0
2014-05-17,22289250136.0,22264120640.0,170983868.0,168161205.0,50405690.0,117755515.0,-35236112.79491043,32944450.0,112909922.0,36624963.0,76284959.0,2822663.0
2014-05-18,22300229759.0,22289250136.0,164419642.0,161609998.0,51132867.0,110477131.0,-73967281.35491061,40062277.0,113377742.0,26863477.0,86514265.0,2809644.0
2014-05-19,22265516283.0,22300229759.0,259077930.0,256179008.0,71313677.0,184865331.0,-16189059.16693759,51391608.0,242399798.0,60660169.0,181739629.0,2898922.0
2014-05-20,22459430866.0,22265516283.0,453955303.0,451059660.0,243711613.0,207348047.0,-8502568.813431025,47536760.0,212503960.0,22815508.0,189688452.0,2895643.0
2014-05-21,22507006862.0,22459430866.0,297799722.0,294888620.0,130386891.0,164501729.0,-25339695.18678236,45455883.0,204767843.0,29873517.0,174894326.0,2911102.0
2014-05-22,22600534926.0,22507006862.0,344636549.0,341774952.0,167436704.0,174338248.0,16237951.57657671,45562332.0,205546153.0,29111692.0,176434461.0,2861597.0
2014-05-23,22621080334.0,22600534926.0,249546195.0,246693653.0,114513174.0,132180479.0,-5517692.430439711,60184458.0,168816329.0,29314656.0,139501673.0,2852542.0
2014-05-24,22626743720.0,22621080334.0,160073254.0,157281426.0,57666965.0,99614461.0,508379.40719747543,30780112.0,123629756.0,24105065.0,99524691.0,2791828.0
2014-05-25,22562682488.0,22626743720.0,166943526.0,164165899.0,67087564.0,97078335.0,20081319.82768035,45685873.0,185318885.0,32503867.0,152815018.0,2777627.0
2014-05-26,22632865784.0,22562682488.0,344890868.0,342134083.0,145189089.0,196944994.0,-61464903.24292326,54429404.0,220278168.0,32625021.0,187653147.0,2756785.0
2014-05-27,22609949494.0,22632865784.0,299049555.0,296280007.0,95780761.0,200499246.0,53238966.17514086,54053714.0,267912131.0,39321226.0,228590905.0,2769548.0
2014-05-28,22470192623.0,22609949494.0,276134813.0,273325022.0,78926517.0,194398505.0,116156218.93743658,74293409.0,341598275.0,45105847.0,296492428.0,2809791.0
2014-05-29,22476914686.0,22470192623.0,320549863.0,317800649.0,135204257.0,182596392.0,-666946.2447943687,54803737.0,259024063.0,44776734.0,214247329.0,2749214.0
2014-05-30,22390660208.0,22476914686.0,226547701.0,223709770.0,95966704.0,127743066.0,29343166.848831177,52407524.0,260394655.0,39094557.0,221300098.0,2837931.0
2014-05-31,22394621814.0,22390660208.0,146823669.0,144080973.0,52834335.0,91246638.0,-68449006.67250109,23557943.0,119304120.0,41776332.0,77527788.0,2742696.0
2014-06-01,22428282336.0,22394621814.0,183489775.0,180762669.0,55046557.0,125716112.0,-84368578.87255502,33825537.0,116003716.0,32936169.0,83067547.0,2727106.0
2014-06-02,22416092232.0,22428282336.0,158219402.0,155516287.0,48900709.0,106615578.0,-134257487.81477904,38668393.0,131741113.0,42274603.0,89466510.0,2703115.0
2014-06-03,22301357112.0,22416092232.0,270887462.0,268143582.0,83629149.0,184514433.0,155158990.76650095,55464815.0,330157767.0,42540883.0,287616884.0,2743880.0
2014-06-04,22271839018.0,22301357112.0,274460744.0,271682147.0,71225908.0,200456239.0,-20972762.635565758,54260600.0,249718238.0,28188601.0,221529637.0,2778597.0
2014-06-05,22296236140.0,22271839018.0,380042567.0,377223821.0,128566594.0,248657227.0,81322681.2915988,89226348.0,266419097.0,62031088.0,204388009.0,2818746.0
2014-06-06,22322787973.0,22296236140.0,301413900.0,298679366.0,111954129.0,186725237.0,-7892998.151110649,55681761.0,219180306.0,55267471.0,163912835.0,2734534.0
2014-06-07,22364386391.0,22322787973.0,187801995.0,185054361.0,70098919.0,114955442.0,-49404872.74444318,38318930.0,107884647.0,37280499.0,70604148.0,2747634.0
2014-06-08,22497032328.0,22364386391.0,302171269.0,299436270.0,185513854.0,113922416.0,-42530465.07177186,36440988.0,133084344.0,36849979.0,96234365.0,2734999.0
2014-06-09,22575626550.0,22497032328.0,366114374.0,363337491.0,145389158.0,217948333.0,-11640983.110068798,52422163.0,235097989.0,36264508.0,198833481.0,2776883.0
2014-06-10,22631468122.0,22575626550.0,354031597.0,351275811.0,104890851.0,246384960.0,1531372.4250013828,68280581.0,229909444.0,43253854.0,186655590.0,2755786.0
2014-06-11,22713002035.0,22631468122.0,327661453.0,324824312.0,114930250.0,209894062.0,-64272269.00979543,80918118.0,165209422.0,22604403.0,142605019.0,2837141.0
2014-06-12,22808899335.0,22713002035.0,332365185.0,329539251.0,112210380.0,217328871.0,-19702497.32980776,75247726.0,161220159.0,44402104.0,116818055.0,2825934.0
2014-06-13,22639024065.0,22808899335.0,216923770.0,214045806.0,51040378.0,163005428.0,160007958.38875294,56967852.0,329831188.0,44823413.0,285007775.0,2877964.0
2014-06-14,22590682404.0,22639024065.0,181574530.0,178733395.0,59184032.0,119549363.0,15218828.87699294,29831979.0,200084212.0,36576832.0,163507380.0,2841135.0
2014-06-15,22640138774.0,22590682404.0,166080126.0,163263976.0,41933752.0,121330224.0,-126235495.06052399,30194033.0,86429723.0,25396456.0,61033267.0,2816150.0
2014-06-16,22535097769.0,22640138774.0,387308484.0,384522342.0,120664648.0,263857694.0,203807927.05820823,58644674.0,433704815.0,28981923.0,404722892.0,2786142.0
2014-06-17,22302888239.0,22535097769.0,270350693.0,267626738.0,87121582.0,180505156.0,116561602.08187032,46759557.0,455800666.0,37324504.0,418476162.0,2723955.0
2014-06-18,22216230718.0,22302888239.0,335262709.0,332565225.0,131652090.0,200913135.0,9076794.912014008,43682078.0,378238152.0,57752818.0,320485334.0,2697484.0
2014-06-19,22269883545.0,22216230718.0,338609087.0,335998519.0,177935245.0,158063274.0,-73960060.73917103,45420417.0,239535843.0,47067117.0,192468726.0,2610568.0
2014-06-20,22234883010.0,22269883545.0,251582530.0,248879061.0,71879168.0,176999893.0,-33763685.25487089,44882716.0,241700349.0,35442161.0,206258188.0,2703469.0
2014-06-21,22181878421.0,22234883010.0,177999186.0,175409451.0,55976436.0,119433015.0,21635673.372376442,54561773.0,176442002.0,24826865.0,151615137.0,2589735.0
2014-06-22,21967773588.0,22181878421.0,147180819.0,144611888.0,41425751.0,103186137.0,130432090.18701887,49236322.0,312049330.0,31032946.0,281016384.0,2568931.0
2014-06-23,21826221634.0,21967773588.0,232227670.0,229685312.0,80147560.0,149537752.0,-37832475.31526852,47744484.0,326035140.0,31937942.0,294097198.0,2542358.0
2014-06-24,21643200891.0,21826221634.0,245450766.0,242915326.0,78189756.0,164725570.0,32867235.858806133,80582484.0,347889025.0,41106958.0,306782067.0,2535440.0
2014-06-25,21360568161.0,21643200891.0,264663201.0,262227341.0,79464890.0,182762451.0,159632603.56152153,79096124.0,468199807.0,60137721.0,408062086.0,2435860.0
2014-06-26,21239454091.0,21360568161.0,297628039.0,295269783.0,93994567.0,201275216.0,21048330.798598766,66292846.0,352449263.0,41056937.0,311392326.0,2358256.0
2014-06-27,21104292442.0,21239454091.0,264282703.0,261895380.0,122909502.0,138985878.0,19446707.283503056,44685853.0,354758499.0,49196393.0,305562106.0,2387323.0
2014-06-28,20974718367.0,21104292442.0,153826161.0,151482880.0,56997812.0,94485068.0,-3644048.1365733147,59857221.0,223543015.0,27109313.0,196433702.0,2343281.0
2014-06-29,20872349108.0,20974718367.0,158801540.0,156485272.0,41574314.0,114910958.0,-44393795.212688446,48105024.0,213065775.0,28779118.0,184286657.0,2316268.0
2014-06-30,20749855426.0,20872349108.0,334054112.0,331761678.0,76383658.0,255378020.0,64221654.083118916,71593561.0,384954233.0,71086987.0,313867246.0,2292434.0
2014-07-01,20760119638.0,20749855426.0,384428753.0,382080337.0,84648368.0,297431969.0,-60178151.233085155,76352332.0,297812209.0,57115920.0,240696289.0,2348416.0
2014-07-02,20815724506.0,20760119638.0,384555819.0,382237475.0,124686586.0,257550889.0,-72437092.2726202,54590504.0,274360447.0,56038073.0,218322374.0,2318344.0
2014-07-03,20824609369.0,20815724506.0,297894643.0,295575412.0,117330905.0,178244507.0,-26791964.913655758,72000589.0,217009191.0,34501699.0,182507492.0,2319231.0
2014-07-04,20771764657.0,20824609369.0,211649838.0,209348291.0,47444497.0,161903794.0,-42750347.87189531,58159245.0,206335305.0,40925658.0,165409647.0,2301547.0
2014-07-05,20668613315.0,20771764657.0,169383796.0,167078182.0,63429360.0,103648822.0,71174568.2380724,46886012.0,225649126.0,43470834.0,182178292.0,2305614.0
2014-07-06,20672651582.0,20668613315.0,199569025.0,197287738.0,58678071.0,138609667.0,-69715753.46678019,42738122.0,152792636.0,28637443.0,124155193.0,2281287.0
2014-07-07,20627221860.0,20672651582.0,272182847.0,269914951.0,66462026.0,203452925.0,-41145399.52911663,63467426.0,254145143.0,59847001.0,194298142.0,2267896.0
2014-07-08,20511008900.0,20627221860.0,224240103.0,221992553.0,61280454.0,160712099.0,-14737768.475242376,57017247.0,283435816.0,62162605.0,221273211.0,2247550.0
2014-07-09,20519371574.0,20511008900.0,278005555.0,275740766.0,100407528.0,175333238.0,-86406314.98471308,44472135.0,225170746.0,49920081.0,175250665.0,2264789.0
2014-07-10,20476458255.0,20519371574.0,283095921.0,280808940.0,76920429.0,203888511.0,58737919.06395221,71503879.0,254505361.0,49578125.0,204927236.0,2286981.0
2014-07-11,20445078528.0,20476458255.0,208671021.0,206409952.0,49110187.0,157299765.0,-62485607.406527996,37145193.0,202905555.0,50829376.0,152076179.0,2261069.0
2014-07-12,20473641383.0,20445078528.0,177644343.0,175393033.0,75425505.0,99967528.0,-48939316.63894868,40240325.0,108841163.0,27984837.0,80856326.0,2251310.0
2014-07-13,20453941278.0,20473641383.0,179759885.0,177520917.0,66176740.0,111344177.0,-485823.8816461563,37261668.0,162198322.0,30133300.0,132065022.0,2238968.0
2014-07-14,20423985523.0,20453941278.0,254797524.0,252543988.0,88262667.0,164281321.0,-53591733.993232965,52533556.0,232219723.0,23824522.0,208395201.0,2253536.0
2014-07-15,20497073353.0,20423985523.0,334810012.0,332554408.0,116023440.0,216530968.0,-65004494.65092778,59644641.0,202077541.0,27658319.0,174419222.0,2255604.0
2014-07-16,20657187545.0,20497073353.0,394890140.0,392596651.0,170324655.0,222271996.0,-69710254.03451133,59605459.0,175170489.0,31190665.0,143979824.0,2293489.0
2014-07-17,20611919440.0,20657187545.0,253011280.0,250755039.0,73862280.0,176892759.0,54212531.32731104,104717040.0,193562345.0,32255120.0,161307225.0,2256241.0
2014-07-18,20612207748.0,20611919440.0,208959595.0,206677714.0,62723841.0,143953873.0,-62783349.45725489,60675775.0,147995512.0,20805733.0,127189779.0,2281881.0
2014-07-19,20667061488.0,20612207748.0,210318023.0,208048192.0,108711944.0,99336248.0,-10591713.200522661,31681543.0,123782740.0,15507755.0,108274985.0,2269831.0
2014-07-20,20669047956.0,20667061488.0,176449304.0,174193562.0,58331429.0,115862133.0,-14128902.227351189,38768091.0,135694745.0,29227103.0,106467642.0,2255742.0
2014-07-21,20612945071.0,20669047956.0,378088594.0,375786236.0,188430013.0,187356223.0,113461802.11898279,54882116.0,379309363.0,39353239.0,339956124.0,2302358.0
2014-07-22,20486985781.0,20612945071.0,243084133.0,240854173.0,90700778.0,150153395.0,2079963.787942648,98632913.0,270410510.0,31942129.0,238468381.0,2229960.0
2014-07-23,20444094598.0,20486985781.0,265461894.0,263182434.0,114917590.0,148264844.0,-47343860.43660498,56660566.0,251692511.0,45278350.0,206414161.0,2279460.0
2014-07-24,20373516647.0,20444094598.0,277044480.0,274781793.0,106071922.0,168709871.0,49323570.586126566,70641581.0,276980850.0,42338290.0,234642560.0,2262687.0
2014-07-25,20292282944.0,20373516647.0,181641088.0,179379699.0,63336575.0,116043124.0,-47226230.870717764,70693254.0,192181537.0,35509270.0,156672267.0,2261389.0
2014-07-26,20137897656.0,20292282944.0,128268053.0,126012255.0,54186270.0,71825985.0,83507989.71070671,51725809.0,230927532.0,29639068.0,201288464.0,2255798.0
2014-07-27,20122693255.0,20137897656.0,151406251.0,149177264.0,80780644.0,68396620.0,-85765353.53902912,50588888.0,116021764.0,35246941.0,80774823.0,2228987.0
2014-07-28,20148469102.0,20122693255.0,371762756.0,369535407.0,214062345.0,155473062.0,-13856137.406008482,51656382.0,294330527.0,30372288.0,263958239.0,2227349.0
2014-07-29,20073082045.0,20148469102.0,228093046.0,225904582.0,85325202.0,140579380.0,-37991446.23320413,41066657.0,262413446.0,23956498.0,238456948.0,2188464.0
2014-07-30,20032881601.0,20073082045.0,209917272.0,207702516.0,64808558.0,142893958.0,-72362503.84242344,53868111.0,196249605.0,25897612.0,170351993.0,2214756.0
2014-07-31,19947416138.0,20032881601.0,191728916.0,189518581.0,56346135.0,133172446.0,13764931.126910686,53122061.0,224072318.0,33843617.0,190228701.0,2210335.0
2014-08-01,20069760015.0,19947416138.0,374884735.0,372678958.0,135715324.0,236963634.0,-15306282.169400692,84227601.0,168313257.0,31013339.0,137299918.0,2205777.0
2014-08-02,20086601920.0,20069760015.0,189092130.0,186889349.0,78478704.0,108410645.0,-15617115.903590918,41930977.0,130319248.0,34359098.0,95960150.0,2202781.0
2014-08-03,20133302100.0,20086601920.0,173825397.0,171634865.0,62120575.0,109514290.0,-61841703.78522396,40828571.0,86296646.0,23794226.0,62502420.0,2190532.0
2014-08-04,20141035460.0,20133302100.0,330640884.0,328404472.0,120904646.0,207499826.0,544439.4526793957,78477516.0,244430008.0,43969481.0,200460527.0,2236412.0
2014-08-05,20314109791.0,20141035460.0,394780870.0,392589715.0,164705556.0,227884159.0,-90444424.1734376,74040082.0,147666457.0,35974791.0,111691666.0,2191155.0
2014-08-06,20320584213.0,20314109791.0,288821016.0,286598298.0,127641624.0,158956674.0,11723077.204583168,56127546.0,226219048.0,26815416.0,199403632.0,2222718.0
2014-08-07,20314571173.0,20320584213.0,247646474.0,245405658.0,61837508.0,183568150.0,-4944075.17616725,60050774.0,193608740.0,41675089.0,151933651.0,2240816.0
2014-08-08,20236826133.0,20314571173.0,233903717.0,231616935.0,54035416.0,177581519.0,55386584.69739556,67603275.0,244045482.0,43071065.0,200974417.0,2286782.0
2014-08-09,20233477189.0,20236826133.0,160262764.0,158028887.0,44663092.0,113365795.0,-35980171.19240856,50648384.0,112963324.0,30028086.0,82935238.0,2233877.0
2014-08-10,20303102834.0,20233477189.0,259534870.0,257313208.0,76427498.0,180885710.0,5407681.062455893,55462188.0,134447037.0,24599903.0,109847134.0,2221662.0
2014-08-11,20216049969.0,20303102834.0,331550471.0,329331370.0,102021228.0,227310142.0,73806395.15170574,60850688.0,357752648.0,40952695.0,316799953.0,2219101.0
2014-08-12,20164788784.0,20216049969.0,258493673.0,256311879.0,101592768.0,154719111.0,-41799446.65317392,48112423.0,261642435.0,46559208.0,215083227.0,2181794.0
2014-08-13,20122319886.0,20164788784.0,261506619.0,259291103.0,99082207.0,160208896.0,-15729949.741035461,55277175.0,248698342.0,22934891.0,225763451.0,2215516.0
2014-08-14,20168083115.0,20122319886.0,257702660.0,255446130.0,113303891.0,142142239.0,-76426649.58450007,38957777.0,172981654.0,45402310.0,127579344.0,2256530.0
2014-08-15,20176118728.0,20168083115.0,244551620.0,242336052.0,83330178.0,159005874.0,-25412549.904616117,47779700.0,188736307.0,38085265.0,150651042.0,2215568.0
2014-08-16,20171964125.0,20176118728.0,215059736.0,212842047.0,55705873.0,157136174.0,54878374.6167233,41164497.0,178049842.0,38363021.0,139686821.0,2217689.0
2014-08-17,20182378312.0,20171964125.0,149978271.0,147777403.0,42442478.0,105334925.0,-59519795.09095287,40085759.0,99478325.0,28147769.0,71330556.0,2200868.0
2014-08-18,20221708442.0,20182378312.0,298499146.0,296308680.0,84557465.0,211751215.0,-75495023.32330656,55584679.0,203584337.0,52598310.0,150986027.0,2190466.0
2014-08-19,20233180538.0,20221708442.0,266401973.0,264196458.0,108645683.0,155550775.0,-23571936.778657436,74648794.0,180281083.0,33028860.0,147252223.0,2205515.0
2014-08-20,20339106448.0,20233180538.0,308378692.0,306133606.0,134420983.0,171712623.0,-70486209.48470092,73775504.0,128677278.0,28451096.0,100226182.0,2245086.0
2014-08-21,20370906609.0,20339106448.0,251763517.0,249525712.0,85818188.0,163707524.0,3221575.5517468452,70493107.0,149470249.0,18207816.0,131262433.0,2237805.0
2014-08-22,20437873459.0,20370906609.0,246316056.0,244094164.0,97266695.0,146827469.0,-57773897.83353329,74322748.0,105026458.0,13620285.0,91406173.0,2221892.0
2014-08-23,20379907955.0,20437873459.0,141412027.0,139192764.0,42797254.0,96395510.0,60123575.599149704,63911142.0,135466389.0,28401389.0,107065000.0,2219263.0
2014-08-24,20319023288.0,20379907955.0,130195484.0,127991522.0,43143686.0,84847836.0,21707518.011719465,52046987.0,139033164.0,15507226.0,123525938.0,2203962.0
2014-08-25,20316184100.0,20319023288.0,309574223.0,307361141.0,92282025.0,215079116.0,-24184983.70831752,96656751.0,215756660.0,27159616.0,188597044.0,2213082.0
2014-08-26,20337650626.0,20316184100.0,306945089.0,304747497.0,124460527.0,180286970.0,-7893522.931773186,88192408.0,197286155.0,14814754.0,182471401.0,2197592.0
2014-08-27,20171681280.0,20337650626.0,302194801.0,299973007.0,102372488.0,197600519.0,180761841.3389578,107408171.0,360755976.0,20966937.0,339789039.0,2221794.0
2014-08-28,20118870170.0,20171681280.0,245082751.0,242887647.0,56734596.0,186153051.0,-31933924.929900885,98896299.0,198997562.0,15732174.0,183265388.0,2195104.0
2014-08-29,20112668503.0,20118870170.0,267554713.0,265335172.0,87236719.0,178098453.0,-26947178.566169262,103967802.0,169788578.0,27979322.0,141809256.0,2219541.0
2014-08-30,20116003141.0,20112668503.0,199708772.0,197483663.0,84798329.0,112685334.0,-14228476.06047225,70813897.0,125560237.0,32453185.0,93107052.0,2225109.0
2014-08-31,20098150321.0,20116003141.0,275090213.0,272878511.0,148125324.0,124753187.0,85467839.74673104,106464912.0,186478121.0,24503950.0,161974171.0,2211702.0
