,0,total_redeem_amt,add_mean,err1,err2,mape1,mape2,²Ð²îmean,,,
2013/7/1,,5525022, ,5544540.819,,,,,,,
2013/7/2,,2554548,,,,,,,,,
2013/7/3,,5953867,,,,,,,,,
2013/7/4,,6410729,,,,,,,,,
2013/7/5,,2763587,,,,,,,,,
2013/7/6,,1616635,,,,,,,,,
2013/7/7,,3982735,,,,,,,,,
2013/7/8,,8347729,,,,,,,,,
2013/7/9,5898271.719,3473059,5544540.819,0.596443026,0.596443026,0.596443026,0.596443026,2071481.819,2425212.719,,
2013/7/10,8713976.636,2597169,8360245.736,2.355182753,2.218984108,2.355182753,2.218984108,5763076.736,6116807.636,,
2013/7/11,7259097.435,3508800,6905366.535,1.068826218,0.968013718,1.068826218,0.968013718,3396566.535,3750297.435,,
2013/7/12,3151454.232,8492573,2797723.332,-0.628916439,-0.670568233,0.628916439,0.670568233,-5694849.668,-5341118.768,,
2013/7/13,5164503.395,3482829,4810772.495,0.482847247,0.381283002,0.482847247,0.381283002,1327943.495,1681674.395,,
2013/7/14,6834989.7,2784107,6481258.8,1.45500252,1.32794889,1.45500252,1.32794889,3697151.8,4050882.7,,
2013/7/15,9904018.937,13107943,9550288.037,-0.244426152,-0.271412148,0.244426152,0.271412148,-3557654.963,-3203924.063,,
2013/7/16,9474254.322,11864981,9120523.422,-0.201494354,-0.231307372,0.201494354,0.231307372,-2744457.578,-2390726.678,,
2013/7/17,13430983.09,10911513,13077252.19,0.23090016,0.198482025,0.23090016,0.198482025,2165739.195,2519470.095,,
2013/7/18,12978742.82,11765356,12625011.92,0.10313218,0.073066715,0.10313218,0.073066715,859655.9174,1213386.817,,
2013/7/19,10697224.24,9244769,10343493.34,0.157111036,0.11884822,0.157111036,0.11884822,1098724.339,1452455.239,,
2013/7/20,9054221.382,4601143,8700490.482,0.967820036,0.890941117,0.967820036,0.890941117,4099347.482,4453078.382,,
2013/7/21,9266013.782,2681331,8912282.882,2.455751558,2.323827935,2.455751558,2.323827935,6230951.882,6584682.782,,
2013/7/22,12481219,19144267,12127488.1,-0.348044039,-0.366521158,0.348044039,0.366521158,-7016778.903,-6663048.003,,
2013/7/23,14247034.28,24404051,13893303.38,-0.416202077,-0.430696839,0.416202077,0.430696839,-10510747.62,-10157016.72,,
2013/7/24,20705465.34,36258592,20351734.44,-0.4289501,-0.438705881,0.4289501,0.438705881,-15906857.56,-15553126.66,,
2013/7/25,26411160.85,38212836,26057429.95,-0.308840599,-0.318097459,0.308840599,0.318097459,-12155406.05,-11801675.15,,
2013/7/26,27391801.23,39192369,27038070.33,-0.301093505,-0.31011901,0.301093505,0.31011901,-12154298.67,-11800567.77,,
2013/7/27,27853380.72,15058893,27499649.82,0.849630031,0.826140196,0.849630031,0.826140196,12440756.82,12794487.72,,
2013/7/28,21357074.18,7683211,21003343.28,1.779706841,1.733667379,1.779706841,1.733667379,13320132.28,13673863.18,,
2013/7/29,21799568.71,18599364,21445837.81,0.1720599,0.153041459,0.1720599,0.153041459,2846473.806,3200204.706,,
2013/7/30,20968286.14,13048582,20614555.24,0.60693983,0.579831068,0.60693983,0.579831068,7565973.243,7919704.143,,
2013/7/31,21169413.25,9534040,20815682.35,1.220403234,1.183301345,1.220403234,1.183301345,11281642.35,11635373.25,,
2013/8/1,18326909.54,18864468,17973178.64,-0.028495819,-0.047246992,0.028495819,0.047246992,-891289.3602,-537558.4602,,
2013/8/2,19153652.36,40150769,18799921.46,-0.522956774,-0.53176684,0.522956774,0.53176684,-21350847.54,-20997116.64,,
2013/8/3,23857792.88,20701797,23504061.98,0.152450334,0.135363368,0.152450334,0.135363368,2802264.975,3155995.875,,
2013/8/4,20833608.79,8263965,20479877.89,1.521018517,1.4782145,1.521018517,1.4782145,12215912.89,12569643.79,,
2013/8/5,22727827.75,15797507,22374096.85,0.438697115,0.416305551,0.438697115,0.416305551,6576589.853,6930320.753,,
2013/8/6,21300008.55,16401387,20946277.65,0.298671177,0.277104043,0.298671177,0.277104043,4544890.655,4898621.555,,
2013/8/7,21865709.22,29708706,21511978.32,-0.26399658,-0.275903221,0.26399658,0.275903221,-8196727.679,-7842996.779,,
2013/8/8,28125409.46,29551691,27771678.56,-0.048263957,-0.060233861,0.048263957,0.060233861,-1780012.44,-1426281.54,,
2013/8/9,30619029.65,30131015,30265298.75,0.016196423,0.004456662,0.016196423,0.004456662,134283.7498,488014.6498,,
2013/8/10,23928365.35,26614408,23574634.45,-0.100924381,-0.114215336,0.100924381,0.114215336,-3039773.547,-2686042.647,,
2013/8/11,23115625.3,15372680,22761894.4,0.503682201,0.480671841,0.503682201,0.480671841,7389214.404,7742945.304,,
2013/8/12,26536611.56,28586669,26182880.66,-0.071713757,-0.084087738,0.071713757,0.084087738,-2403788.339,-2050057.439,,
2013/8/13,28685787.16,28790328,28332056.26,-0.00363111,-0.015917559,0.00363111,0.015917559,-458271.7444,-104540.8444,,
2013/8/14,31985243.47,15031683,31631512.57,1.127855109,1.104322754,1.127855109,1.104322754,16599829.57,16953560.47,,
2013/8/15,26610197.69,52659327,26256466.79,-0.494672659,-0.501390005,0.494672659,0.501390005,-26402860.21,-26049129.31,,
2013/8/16,41044376.48,33739844,40690645.58,0.21649574,0.206011669,0.21649574,0.206011669,6950801.583,7304532.483,,
2013/8/17,30144732.34,4674983,29791001.44,5.448094535,5.372429897,5.448094535,5.372429897,25116018.44,25469749.34,,
2013/8/18,15730215.36,15218300,15376484.46,0.033638144,0.010394358,0.033638144,0.010394358,158184.4607,511915.3607,,
2013/8/19,27461676.33,28339260,27107945.43,-0.030967064,-0.043449073,0.030967064,0.043449073,-1231314.572,-877583.6716,,
2013/8/20,28689870,30131225,28336139.1,-0.047835924,-0.059575603,0.047835924,0.059575603,-1795085.895,-1441354.995,,
2013/8/21,30915858.05,29983342,30562127.15,0.031101138,0.019303557,0.031101138,0.019303557,578785.149,932516.049,,
2013/8/22,37272706.89,25000672,36918975.99,0.490868201,0.476719346,0.490868201,0.476719346,11918303.99,12272034.89,,
2013/8/23,32945637.3,25680323,32591906.4,0.282913665,0.26913927,0.282913665,0.26913927,6911583.398,7265314.298,,
2013/8/24,22013561.33,14316598,21659830.43,0.537625163,0.512917414,0.537625163,0.512917414,7343232.43,7696963.33,,
2013/8/25,18076010.54,18117808,17722279.64,-0.002306982,-0.021830917,0.002306982,0.021830917,-395528.3647,-41797.46469,,
2013/8/26,30209751.08,20637986,29856020.18,0.463793564,0.446653766,0.463793564,0.446653766,9218034.179,9571765.079,,
2013/8/27,27713651.56,60137633,27359920.66,-0.539162914,-0.545044936,0.539162914,0.545044936,-32777712.34,-32423981.44,,
2013/8/28,43132044.89,33696861,42778313.99,0.280001864,0.26950442,0.280001864,0.26950442,9081452.986,9435183.886,,
2013/8/29,42290706.06,35944968,41936975.16,0.176540373,0.166699471,0.176540373,0.166699471,5992007.159,6345738.059,,
2013/8/30,38734503.56,20630752,38380772.66,0.877512926,0.860367119,0.877512926,0.860367119,17750020.66,18103751.56,,
2013/8/31,24400436.3,22012016,24046705.4,0.108505295,0.092435395,0.108505295,0.092435395,2034689.399,2388420.299,,
2013/9/1,22027008.32,59339949,21673277.42,-0.628799676,-0.634760768,0.628799676,0.634760768,-37666671.58,-37312940.68,,
2013/9/2,49052957.97,17785524,48699227.07,1.758027145,1.738138447,1.758027145,1.738138447,30913703.07,31267433.97,,
2013/9/3,37287977.72,39328144,36934246.82,-0.051875478,-0.060869824,0.051875478,0.060869824,-2393897.185,-2040166.285,,
2013/9/4,38084990.86,27452600,37731259.96,0.387299959,0.374414808,0.387299959,0.374414808,10278659.96,10632390.86,,
2013/9/5,40042313.58,21800904,39688582.68,0.83672721,0.820501695,0.83672721,0.820501695,17887678.68,18241409.58,,
2013/9/6,28552864.82,33417903,28199133.92,-0.145581791,-0.156166863,0.145581791,0.156166863,-5218769.081,-4865038.181,,
2013/9/7,29014331.73,20344424,28660600.83,0.426156461,0.408769343,0.426156461,0.408769343,8316176.826,8669907.726,,
2013/9/8,27520579.96,14919122,27166849.06,0.844651445,0.820941544,0.844651445,0.820941544,12247727.06,12601457.96,,
2013/9/9,29056591.73,45621186,28702860.83,-0.363089953,-0.370843607,0.363089953,0.370843607,-16918325.17,-16564594.27,,
2013/9/10,43521390.06,37128363,43167659.16,0.172187151,0.162659909,0.172187151,0.162659909,6039296.158,6393027.058,,
2013/9/11,37844363.24,71674082,37490632.34,-0.47199375,-0.47692902,0.47199375,0.47692902,-34183449.66,-33829718.76,,
2013/9/12,56279308.48,45147220,55925577.58,0.246573067,0.238738013,0.246573067,0.238738013,10778357.58,11132088.48,,
2013/9/13,46360839.07,60512675,46007108.17,-0.233865648,-0.239711215,0.233865648,0.239711215,-14505566.83,-14151835.93,,
2013/9/14,45310393.6,36312660,44956662.7,0.247785031,0.238043776,0.247785031,0.238043776,8644002.698,8997733.598,,
2013/9/15,41851601.92,25020715,41497871.02,0.672678096,0.658540574,0.672678096,0.658540574,16477156.02,16830886.92,,
2013/9/16,40363424.32,45184589,40009693.42,-0.106699315,-0.114527889,0.106699315,0.114527889,-5174895.581,-4821164.681,,
2013/9/17,49866688.81,58260798,49512957.91,-0.144078171,-0.150149679,0.144078171,0.150149679,-8747840.093,-8394109.193,,
2013/9/18,53247223.32,47203221,52893492.42,0.128042159,0.120548372,0.128042159,0.120548372,5690271.424,6044002.324,,
2013/9/19,50874171.48,11418512,50520440.58,3.455411658,3.424432937,3.455411658,3.424432937,39101928.58,39455659.48,,
2013/9/20,34343025.89,15188254,33989294.99,1.261156937,1.23786717,1.261156937,1.23786717,18801040.99,19154771.89,,
2013/9/21,22852078.38,26596179,22498347.48,-0.140775884,-0.154075949,0.140775884,0.154075949,-4097831.519,-3744100.619,,
2013/9/22,28790951.9,47962055,28437221,-0.399713963,-0.407089187,0.399713963,0.407089187,-19524834,-19171103.1,,
2013/9/23,44990748.97,58285879,44637018.07,-0.228102077,-0.234170972,0.228102077,0.234170972,-13648860.93,-13295130.03,,
2013/9/24,58308370.15,56680792,57954639.25,0.02871481,0.022474055,0.02871481,0.022474055,1273847.254,1627578.154,,
2013/9/25,55108464.84,74838162,54754733.94,-0.263631503,-0.268358115,0.263631503,0.268358115,-20083428.06,-19729697.16,,
2013/9/26,59108027.34,48467529,58754296.44,0.219538701,0.212240394,0.219538701,0.212240394,10286767.44,10640498.34,,
2013/9/27,51537161.28,27639603,51183430.38,0.864612935,0.851814962,0.864612935,0.851814962,23543827.38,23897558.28,,
2013/9/28,36218245.2,58105720,35864514.3,-0.376683652,-0.382771364,0.376683652,0.382771364,-22241205.7,-21887474.8,,
2013/9/29,51867024.56,40295202,51513293.66,0.287176189,0.278397702,0.287176189,0.278397702,11218091.66,11571822.56,,
2013/9/30,51719734.66,30181353,51366003.76,0.713632078,0.701911898,0.713632078,0.701911898,21184650.76,21538381.66,,
2013/10/1,49749804.4,12813267,49396073.5,2.882679133,2.85507252,2.882679133,2.85507252,36582806.5,36936537.4,,
2013/10/2,39783992.79,7233874,39430261.89,4.499680087,4.450780853,4.499680087,4.450780853,32196387.89,32550118.79,,
2013/10/3,24487999.91,6223263,24134269.01,2.93491323,2.878073128,2.93491323,2.878073128,17911006.01,18264736.91,,
2013/10/4,20194506.23,23412350,19840775.33,-0.137442152,-0.152550883,0.137442152,0.152550883,-3571574.666,-3217843.766,,
2013/10/5,25709215.25,13966453,25355484.35,0.840783429,0.815456247,0.840783429,0.815456247,11389031.35,11742762.25,,
2013/10/6,27827207.98,13464528,27473477.08,1.066705048,1.04043373,1.066705048,1.04043373,14008949.08,14362679.98,,
2013/10/7,29166820.63,28894400,28813089.73,0.009428146,-0.002814049,0.009428146,0.002814049,-81310.2688,272420.6312,,
2013/10/8,37232155.44,77856096,36878424.54,-0.521782399,-0.526325793,0.521782399,0.526325793,-40977671.46,-40623940.56,,
2013/10/9,57397568.56,33999376,57043837.66,0.688194765,0.677790724,0.688194765,0.677790724,23044461.66,23398192.56,,
2013/10/10,39658203.19,52244531,39304472.29,-0.240911873,-0.247682551,0.240911873,0.247682551,-12940058.71,-12586327.81,,
2013/10/11,46027350.86,27666473,45673619.96,0.663650833,0.65086529,0.663650833,0.65086529,18007146.96,18360877.86,,
2013/10/12,38052708.97,31322983,37698978.07,0.21484946,0.203556445,0.21484946,0.203556445,6375995.072,6729725.972,,
2013/10/13,36648293.66,31850475,36294562.76,0.150635702,0.139529717,0.150635702,0.139529717,4444087.76,4797818.66,,
2013/10/14,43543319.61,40652625,43189588.71,0.071107207,0.062405901,0.071107207,0.062405901,2536963.705,2890694.605,,
2013/10/15,51747099.71,35099198,51393368.81,0.474310032,0.464231998,0.474310032,0.464231998,16294170.81,16647901.71,,
2013/10/16,43419583.8,51261982,43065852.9,-0.152986636,-0.159887089,0.152986636,0.159887089,-8196129.096,-7842398.196,,
2013/10/17,44131029.91,23274764,43777299.01,0.896089254,0.880891209,0.896089254,0.880891209,20502535.01,20856265.91,,
2013/10/18,34196854.78,15938355,33843123.88,1.145569902,1.123376213,1.145569902,1.123376213,17904768.88,18258499.78,,
2013/10/19,28653939.14,26684697,28300208.24,0.073796684,0.060540738,0.073796684,0.060540738,1615511.24,1969242.14,,
2013/10/20,32889840.08,50884342,32536109.18,-0.353635347,-0.360587012,0.353635347,0.360587012,-18348232.82,-17994501.92,,
2013/10/21,48873838.33,45781403,48520107.43,0.06754785,0.05982133,0.06754785,0.05982133,2738704.427,3092435.327,,
2013/10/22,54093874.94,96172537,53740144.04,-0.437533036,-0.441211122,0.437533036,0.441211122,-42432392.96,-42078662.06,,
2013/10/23,70871861.49,73788462,70518130.59,-0.039526512,-0.044320363,0.039526512,0.044320363,-3270331.406,-2916600.506,,
2013/10/24,61460580.55,58183921,61106849.65,0.056315551,0.050236021,0.056315551,0.050236021,2922928.652,3276659.552,,
2013/10/25,52757332.96,52225802,52403602.06,0.010177555,0.003404449,0.010177555,0.003404449,177800.0568,531530.9568,,
2013/10/26,54125778.29,49357211,53772047.39,0.096613386,0.089446634,0.096613386,0.089446634,4414836.392,4768567.292,,
2013/10/27,54063721.46,46520570,53709990.56,0.162146583,0.15454283,0.162146583,0.15454283,7189420.56,7543151.46,,
2013/10/28,56445076.95,55089464,56091346.05,0.024607481,0.018186455,0.024607481,0.018186455,1001882.049,1355612.949,,
2013/10/29,67609612.97,43052468,67255882.07,0.5704004,0.562184125,0.5704004,0.562184125,24203414.07,24557144.97,,
2013/10/30,55139378.24,63908701,54785647.34,-0.137216414,-0.142751355,0.137216414,0.142751355,-9123053.663,-8769322.763,,
2013/10/31,52464308.95,55607833,52110578.05,-0.056530238,-0.062891409,0.056530238,0.062891409,-3497254.947,-3143524.047,,
2013/11/1,49499693.56,66933119,49145962.66,-0.260460377,-0.265745219,0.260460377,0.265745219,-17787156.34,-17433425.44,,
2013/11/2,57777562.41,26705506,57423831.51,1.163507496,1.150261879,1.163507496,1.150261879,30718325.51,31072056.41,,
2013/11/3,47185047.47,30895754,46831316.57,0.527234049,0.515784874,0.527234049,0.515784874,15935562.57,16289293.47,,
2013/11/4,48283906.74,130970051,47930175.84,-0.631336276,-0.634037129,0.631336276,0.634037129,-83039875.16,-82686144.26,,
2013/11/5,94692458.81,82689864,94338727.91,0.145151948,0.140874145,0.145151948,0.140874145,11648863.91,12002594.81,,
2013/11/6,80540902.01,131707820,80187171.11,-0.388488079,-0.391173803,0.388488079,0.391173803,-51520648.89,-51166917.99,,
2013/11/7,90684173.42,83306452,90330442.52,0.088561225,0.084315084,0.088561225,0.084315084,7023990.523,7377721.423,,
2013/11/8,81485200.69,92856307,81131469.79,-0.12245917,-0.126268614,0.12245917,0.126268614,-11724837.21,-11371106.31,,
2013/11/9,73858747.97,45885771,73505017.07,0.609622032,0.601913087,0.609622032,0.601913087,27619246.07,27972976.97,,
2013/11/10,65667190.31,85293644,65313459.41,-0.230104528,-0.234251741,0.230104528,0.234251741,-19980184.59,-19626453.69,,
2013/11/11,87764586.83,227124951,87410855.93,-0.613584565,-0.615141993,0.613584565,0.615141993,-139714095.1,-139360364.2,,
2013/11/12,148824144.5,131263524,148470413.6,0.133781419,0.131086604,0.133781419,0.131086604,17206889.55,17560620.45,,
2013/11/13,124166739.1,79121440,123813008.2,0.569318494,0.56484776,0.569318494,0.56484776,44691568.17,45045299.07,,
2013/11/14,86905176.51,52554150,86551445.61,0.653631093,0.646900304,0.653631093,0.646900304,33997295.61,34351026.51,,
2013/11/15,77857910.93,58210254,77504180.03,0.337529139,0.331452359,0.337529139,0.331452359,19293926.03,19647656.93,,
2013/11/16,53355928.14,28996272,53002197.24,0.840096138,0.827896953,0.840096138,0.827896953,24005925.24,24359656.14,,
2013/11/17,57918331.61,42358155,57564600.71,0.367347837,0.358996885,0.367347837,0.358996885,15206445.71,15560176.61,,
2013/11/18,85875937.14,136916782,85522206.24,-0.372787354,-0.375370901,0.372787354,0.375370901,-51394575.76,-51040844.86,,
2013/11/19,107689669,70308235,107335938.1,0.531679312,0.526648167,0.531679312,0.526648167,37027703.09,37381433.99,,
2013/11/20,77534302.97,86951218,77180572.07,-0.108301128,-0.112369282,0.108301128,0.112369282,-9770645.929,-9416915.029,,
2013/11/21,69620313.21,74733962,69266582.31,-0.068424698,-0.0731579,0.068424698,0.0731579,-5467379.694,-5113648.794,,
2013/11/22,81916452.51,82717921,81562721.61,-0.009689176,-0.013965527,0.009689176,0.013965527,-1155199.394,-801468.494,,
2013/11/23,59114493.55,48882131,58760762.65,0.20932726,0.202090855,0.20932726,0.202090855,9878631.65,10232362.55,,
2013/11/24,70150589.7,85555947,69796858.8,-0.180061794,-0.184196292,0.180061794,0.184196292,-15759088.2,-15405357.3,,
2013/11/25,114875149.5,70113127,114521418.6,0.638425705,0.63338056,0.638425705,0.63338056,44408291.63,44762022.53,,
2013/11/26,86946388.46,65802983,86592657.56,0.321313784,0.315938178,0.321313784,0.315938178,20789674.56,21143405.46,,
2013/11/27,71037074.32,86129498,70683343.42,-0.17522944,-0.179336406,0.17522944,0.179336406,-15446154.58,-15092423.68,,
2013/11/28,70130160.5,61453591,69776429.6,0.141188975,0.135432909,0.141188975,0.135432909,8322838.595,8676569.495,,
2013/11/29,74637269.41,123982166,74283538.51,-0.397999956,-0.400853035,0.397999956,0.400853035,-49698627.49,-49344896.59,,
2013/11/30,73149453.97,119660311,72795723.07,-0.388690758,-0.391646884,0.388690758,0.391646884,-46864587.93,-46510857.03,,
2013/12/1,106456088.3,94632233,106102357.4,0.124945327,0.121207373,0.124945327,0.121207373,11470124.39,11823855.29,,
2013/12/2,124622584.1,128465086,124268853.2,-0.029910866,-0.032664383,0.029910866,0.032664383,-4196232.814,-3842501.914,,
2013/12/3,116313183.8,101662045,115959452.9,0.144116114,0.140636635,0.144116114,0.140636635,14297407.92,14651138.82,,
2013/12/4,100891900.2,69981329,100538169.3,0.441697402,0.436642755,0.441697402,0.436642755,30556840.28,30910571.18,,
2013/12/5,74338461.21,118256819,73984730.31,-0.371381187,-0.374372396,0.371381187,0.374372396,-44272088.69,-43918357.79,,
2013/12/6,109191456.8,82625571,108837725.9,0.321521358,0.317240227,0.321521358,0.317240227,26212154.92,26565885.82,,
2013/12/7,74101414.52,71916047,73747683.62,0.030387759,0.025469095,0.030387759,0.025469095,1831636.618,2185367.518,,
2013/12/8,85569948.64,76314292,85216217.74,0.121283398,0.116648212,0.121283398,0.116648212,8901925.735,9255656.635,,
2013/12/9,114290616.8,133355299,113936885.9,-0.142961565,-0.14561411,0.142961565,0.14561411,-19418413.12,-19064682.22,,
2013/12/10,110560555.1,147147341,110206824.2,-0.248640483,-0.251044406,0.248640483,0.251044406,-36940516.81,-36586785.91,,
2013/12/11,115962911.9,110314592,115609181,0.051201929,0.047995364,0.051201929,0.047995364,5294589.009,5648319.909,,
2013/12/12,101607756.9,92090275,101254026,0.103349478,0.099508346,0.103349478,0.099508346,9163750.991,9517481.891,,
2013/12/13,106885700.2,90778214,106531969.3,0.177437796,0.173541146,0.177437796,0.173541146,15753755.31,16107486.21,,
2013/12/14,79278868.76,52234651,78925137.86,0.517744777,0.510972819,0.517744777,0.510972819,26690486.86,27044217.76,,
2013/12/15,79211094.67,54757146,78857363.77,0.446589175,0.44012918,0.446589175,0.44012918,24100217.77,24453948.67,,
2013/12/16,108122241.5,156157326,107768510.6,-0.307606987,-0.309872208,0.307606987,0.309872208,-48388815.4,-48035084.5,,
2013/12/17,122829993,116537843,122476262.1,0.053992333,0.050957002,0.053992333,0.050957002,5938419.084,6292149.984,,
2013/12/18,106088781,202220872,105735050.1,-0.475381646,-0.477130877,0.475381646,0.477130877,-96485821.94,-96132091.04,,
2013/12/19,133755681.3,164023344,133401950.4,-0.184532652,-0.186689241,0.184532652,0.186689241,-30621393.61,-30267662.71,,
2013/12/20,147988987.1,153678963,147635256.2,-0.03702508,-0.039326833,0.03702508,0.039326833,-6043706.838,-5689975.938,,
2013/12/21,114656381.2,83151594,114302650.3,0.378883743,0.374629695,0.378883743,0.374629695,31151056.26,31504787.16,,
2013/12/22,109641360.5,83998249,109287629.6,0.305281501,0.301070331,0.305281501,0.301070331,25289380.6,25643111.5,,
2013/12/23,138725179.6,138478245,138371448.7,0.001783201,-0.000771213,0.001783201,0.000771213,-106796.287,246934.613,,
2013/12/24,129697785.5,118607911,129344054.6,0.093500293,0.090517938,0.093500293,0.090517938,10736143.57,11089874.47,,
2013/12/25,122537123.9,172755480,122183393,-0.29069038,-0.292737961,0.29069038,0.292737961,-50572087.01,-50218356.11,,
2013/12/26,131591280.1,241852564,131237549.2,-0.455902894,-0.457365483,0.455902894,0.457365483,-110615014.8,-110261283.9,,
2013/12/27,179359376.2,163522548,179005645.3,0.096847979,0.094684785,0.096847979,0.094684785,15483097.32,15836828.22,,
2013/12/28,124188712.7,61383220,123834981.8,1.023170383,1.017407718,1.023170383,1.017407718,62451761.81,62805492.71,,
2013/12/29,105465163.9,55129989,105111433,0.913027117,0.906610811,0.913027117,0.906610811,49981444.04,50335174.94,,
2013/12/30,132745935.5,179826624,132392204.6,-0.261811558,-0.263778624,0.261811558,0.263778624,-47434419.43,-47080688.53,,
2013/12/31,143178293,134232530,142824562.1,0.066643779,0.064008569,0.066643779,0.064008569,8592032.116,8945763.016,,
2014/1/1,141371027.9,77367755,141017297,0.827260309,0.822688237,0.827260309,0.822688237,63649542,64003272.9,,
2014/1/2,113101629.5,190155450,112747898.6,-0.405214894,-0.407075114,0.405214894,0.407075114,-77407551.45,-77053820.55,,
2014/1/3,152410611,127714255,152056880.1,0.193371961,0.190602256,0.193371961,0.190602256,24342625.07,24696355.97,,
2014/1/4,89337930.96,99869074,88984200.06,-0.105449491,-0.108991438,0.105449491,0.108991438,-10884873.94,-10531143.04,,
2014/1/5,101627214.8,156781996,101273483.9,-0.351792824,-0.35404902,0.351792824,0.35404902,-55508512.05,-55154781.15,,
2014/1/6,185643716,190917629,185289985.1,-0.027624023,-0.029476816,0.027624023,0.029476816,-5627643.862,-5273912.962,,
2014/1/7,160718916.7,137972793,160365185.8,0.164859486,0.162295713,0.164859486,0.162295713,22392392.81,22746123.71,,
2014/1/8,145259247.7,213880074,144905516.8,-0.320837865,-0.32249174,0.320837865,0.32249174,-68974557.22,-68620826.32,,
2014/1/9,184116041.3,140391237,183762310.4,0.311449669,0.308930061,0.311449669,0.308930061,43371073.43,43724804.33,,
2014/1/10,153908574.3,117259153,153554843.4,0.312550623,0.309533964,0.312550623,0.309533964,36295690.43,36649421.33,,
2014/1/11,89153209.76,71530182,88799478.86,0.246371913,0.241426715,0.246371913,0.241426715,17269296.86,17623027.76,,
2014/1/12,103606797.5,141505812,103253066.6,-0.267826558,-0.27032632,0.267826558,0.27032632,-38252745.42,-37899014.52,,
2014/1/13,177318033.9,178923772,176964303,-0.008974426,-0.010951418,0.008974426,0.010951418,-1959469.014,-1605738.114,,
2014/1/14,151500295,159778389,151146564.1,-0.051809848,-0.054023733,0.051809848,0.054023733,-8631824.947,-8278094.047,,
2014/1/15,159549889.6,177618247,159196158.7,-0.101725795,-0.103717318,0.101725795,0.103717318,-18422088.28,-18068357.38,,
2014/1/16,170664320.2,153167426,170310589.3,0.114233781,0.111924341,0.114233781,0.111924341,17143163.26,17496894.16,,
2014/1/17,149561105.8,127385210,149207374.9,0.174085326,0.171308466,0.174085326,0.171308466,21822164.95,22175895.85,,
2014/1/18,92632466.97,142869842,92278736.07,-0.351630367,-0.354106264,0.351630367,0.354106264,-50591105.93,-50237375.03,,
2014/1/19,141261036.1,117629351,140907305.2,0.200899562,0.197892397,0.200899562,0.197892397,23277954.18,23631685.08,,
2014/1/20,180654773.4,442996084,180301042.5,-0.59219781,-0.592996306,0.59219781,0.592996306,-262695041.5,-262341310.6,,
2014/1/21,261450550.5,302825136,261096819.6,-0.136628637,-0.13779674,0.136628637,0.13779674,-41728316.41,-41374585.51,,
2014/1/22,260355736.2,292856188,260002005.3,-0.110977514,-0.11218538,0.110977514,0.11218538,-32854182.66,-32500451.76,,
2014/1/23,248279647.2,209024328,247925916.3,0.187802633,0.186110338,0.187802633,0.186110338,38901588.25,39255319.15,,
2014/1/24,215213239.4,345829001,214859508.5,-0.377688861,-0.378711711,0.377688861,0.378711711,-130969492.5,-130615761.6,,
2014/1/25,209630717.7,185524856,209276986.8,0.129933326,0.128026677,0.129933326,0.128026677,23752130.78,24105861.68,,
2014/1/26,206125491.6,331752519,205771760.7,-0.378676936,-0.379743185,0.378676936,0.379743185,-125980758.3,-125627027.4,,
2014/1/27,325383093.6,280645861,325029362.7,0.159408133,0.158147715,0.159408133,0.158147715,44383501.71,44737232.61,,
2014/1/28,260392156.4,248334316,260038425.5,0.04855487,0.047130456,0.04855487,0.047130456,11704109.47,12057840.37,,
2014/1/29,238516549.3,215164666,238162818.4,0.108530289,0.106886288,0.108530289,0.106886288,22998152.41,23351883.31,,
2014/1/30,216919313.4,105288105,216565582.5,1.060245204,1.056885557,1.060245204,1.056885557,111277477.5,111631208.4,,
2014/1/31,175696320.6,48132389,175342589.7,2.650272181,2.642923057,2.650272181,2.642923057,127210200.7,127563931.6,,
2014/2/1,77463222.39,61527060,77109491.49,0.259010627,0.253261435,0.259010627,0.253261435,15582431.49,15936162.39,,
2014/2/2,125880742,24395720,125527011.1,4.159951912,4.1454522,4.159951912,4.1454522,101131291.1,101485022,,
2014/2/3,160602021.2,46109194,160248290.3,2.483080212,2.47540862,2.483080212,2.47540862,114139096.3,114492827.2,,
2014/2/4,101647499.7,44927333,101293768.8,1.262486841,1.25461344,1.262486841,1.25461344,56366435.82,56720166.72,,
2014/2/5,96928683.45,95407704,96574952.55,0.015941893,0.012234322,0.015941893,0.012234322,1167248.552,1520979.452,,
2014/2/6,95392476.16,111635336,95038745.26,-0.145499269,-0.148667898,0.145499269,0.148667898,-16596590.74,-16242859.84,,
2014/2/7,114585807.1,273482213,114232076.2,-0.581011848,-0.582305281,0.581011848,0.582305281,-159250136.8,-158896405.9,,
2014/2/8,142118624.5,183432237,141764893.6,-0.225225474,-0.227153875,0.225225474,0.227153875,-41667343.36,-41313612.46,,
2014/2/9,181630837.5,262954049,181277106.6,-0.309267767,-0.310612986,0.309267767,0.310612986,-81676942.41,-81323211.51,,
2014/2/10,262133212.6,431753411,261779481.7,-0.392863598,-0.393682887,0.392863598,0.393682887,-169973929.3,-169620198.4,,
2014/2/11,296243768.8,243058162,295890037.9,0.218818436,0.217363101,0.218818436,0.217363101,52831875.9,53185606.8,,
2014/2/12,246101940.2,354585919,245748209.3,-0.305945535,-0.306943124,0.305945535,0.306943124,-108837709.7,-108483978.8,,
2014/2/13,266118991.6,362757986,265765260.7,-0.266400736,-0.267375851,0.266400736,0.267375851,-96992725.33,-96638994.43,,
2014/2/14,308009230.8,263261899,307655499.9,0.169972685,0.168629039,0.169972685,0.168629039,44393600.91,44747331.81,,
2014/2/15,207829263.4,121463693,207475532.5,0.711040215,0.708127979,0.711040215,0.708127979,86011839.46,86365570.36,,
2014/2/16,204901235.2,183057224,204547504.3,0.119328867,0.117396516,0.119328867,0.117396516,21490280.3,21844011.2,,
2014/2/17,264314715.2,405809267,263960984.3,-0.34867255,-0.349544217,0.34867255,0.349544217,-141848282.7,-141494551.8,,
2014/2/18,278664684.2,271125324,278310953.3,0.027807658,0.026502981,0.027807658,0.026502981,7185629.307,7539360.207,,
2014/2/19,264813829.7,323990451,264460098.8,-0.182649276,-0.18374107,0.182649276,0.18374107,-59530352.18,-59176621.28,,
2014/2/20,272592711.1,230855410,272238980.2,0.180794122,0.17926186,0.180794122,0.17926186,41383570.17,41737301.07,,
2014/2/21,256867481.4,178914448,256513750.5,0.435700047,0.433722952,0.435700047,0.433722952,77599302.54,77953033.44,,
2014/2/22,142152186.4,134735118,141798455.5,0.055049259,0.052423879,0.055049259,0.052423879,7063337.523,7417068.423,,
2014/2/23,194688729.6,195214052,194334998.7,-0.002691007,-0.004503022,0.002691007,0.004503022,-879053.2521,-525322.3521,,
2014/2/24,282274613.3,473470156,281920882.4,-0.403817517,-0.40456462,0.403817517,0.40456462,-191549273.6,-191195542.7,,
2014/2/25,309581120.4,299155352,309227389.5,0.034850683,0.033668251,0.034850683,0.033668251,10072037.51,10425768.41,,
2014/2/26,294154960.6,284819682,293801229.7,0.032776101,0.031534154,0.032776101,0.031534154,8981547.742,9335278.642,,
2014/2/27,260031809.8,492786036,259678078.9,-0.472323096,-0.473040914,0.472323096,0.473040914,-233107957.1,-232754226.2,,
2014/2/28,360331046.8,322030204,359977315.9,0.11893556,0.11783712,0.11893556,0.11783712,37947111.88,38300842.78,,
2014/3/1,231334965.6,211279011,230981234.7,0.094926394,0.093252158,0.094926394,0.093252158,19702223.67,20055954.57,,
2014/3/2,264675497.2,246199417,264321766.3,0.075045183,0.073608417,0.075045183,0.073608417,18122349.32,18476080.22,,
2014/3/3,368325579.7,513017360,367971848.8,-0.28204071,-0.28273022,0.28204071,0.28273022,-145045511.2,-144691780.3,,
2014/3/4,347976635.8,250562978,347622904.9,0.388779135,0.38736739,0.388779135,0.38736739,97059926.94,97413657.84,,
2014/3/5,293806252.7,209072753,293452521.8,0.405282365,0.403590461,0.405282365,0.403590461,84379768.83,84733499.73,,
2014/3/6,260675900.7,243149884,260322169.8,0.072079067,0.070624281,0.072079067,0.070624281,17172285.79,17526016.69,,
2014/3/7,263056285.4,291087220,262702554.5,-0.096297373,-0.097512579,0.096297373,0.097512579,-28384665.5,-28030934.6,,
2014/3/8,174272764.7,140323202,173919033.8,0.241938341,0.239417511,0.241938341,0.239417511,33595831.8,33949562.7,,
2014/3/9,215719072.6,206312503,215365341.7,0.045593793,0.043879254,0.045593793,0.043879254,9052838.672,9406569.572,,
2014/3/10,353212370.5,308040624,352858639.6,0.146642173,0.145493848,0.146642173,0.145493848,44818015.59,45171746.49,,
2014/3/11,246193669.7,496039886,245839938.8,-0.503681707,-0.504394816,0.503681707,0.504394816,-250199947.2,-249846216.3,,
2014/3/12,344671684.4,416491268,344317953.5,-0.17243959,-0.173288902,0.17243959,0.173288902,-72173314.53,-71819583.63,,
2014/3/13,360677402.6,316973542,360323671.7,0.137878576,0.136762613,0.137878576,0.136762613,43350129.72,43703860.62,,
2014/3/14,329189104.2,311575572,328835373.3,0.05653053,0.055395233,0.05653053,0.055395233,17259801.27,17613532.17,,
2014/3/15,218086421.4,242799048,217732690.5,-0.101782222,-0.10323911,0.101782222,0.10323911,-25066357.52,-24712626.62,,
2014/3/16,271349230,390584547,270995499.1,-0.305274026,-0.30617967,0.305274026,0.30617967,-119589047.9,-119235317,,
2014/3/17,446570992.8,440624592,446217261.9,0.01349539,0.012692596,0.01349539,0.012692596,5592669.949,5946400.849,,
2014/3/18,368941207.5,410240726,368587476.6,-0.100671425,-0.101533677,0.100671425,0.101533677,-41653249.4,-41299518.5,,
2014/3/19,363018338.4,429298917,362664607.5,-0.154392606,-0.15521658,0.154392606,0.15521658,-66634309.5,-66280578.6,,
2014/3/20,372767868.4,336076380,372414137.5,0.10917604,0.108123509,0.10917604,0.108123509,36337757.55,36691488.45,,
2014/3/21,337998086.5,259655286,337644355.6,0.301718489,0.300356179,0.301718489,0.300356179,77989069.65,78342800.55,,
2014/3/22,211541327.5,138039412,211187596.6,0.532470506,0.52990797,0.532470506,0.52990797,73148184.64,73501915.54,,
2014/3/23,247408966.2,186443311,247055235.3,0.326992987,0.32509573,0.326992987,0.32509573,60611924.31,60965655.21,,
2014/3/24,353783862.6,437825259,353430131.7,-0.191951914,-0.192759841,0.191951914,0.192759841,-84395127.26,-84041396.36,,
2014/3/25,340351071,312710515,339997340.1,0.088390235,0.087259058,0.088390235,0.087259058,27286825.06,27640555.96,,
2014/3/26,318375160.2,450254233,318021429.3,-0.292899129,-0.293684754,0.292899129,0.293684754,-132232803.7,-131879072.8,,
2014/3/27,356574057.9,359071642,356220327,-0.006955671,-0.007940797,0.006955671,0.007940797,-2851314.98,-2497584.08,,
2014/3/28,334936397.7,405443946,334582666.8,-0.173902087,-0.17477454,0.173902087,0.17477454,-70861279.21,-70507548.31,,
2014/3/29,256088252.1,155006056,255734521.2,0.652117722,0.649835676,0.652117722,0.649835676,100728465.2,101082196.1,,
2014/3/30,273960175.9,264714811,273606445,0.034925756,0.033589484,0.034925756,0.033589484,8891634.037,9245364.937,,
2014/3/31,405583275.1,423852634,405229544.2,-0.043103091,-0.043937653,0.043103091,0.043937653,-18623089.75,-18269358.85,,
2014/4/1,358464015.7,277429358,358110284.8,0.292091141,0.29081611,0.292091141,0.29081611,80680926.83,81034657.73,0.204709056,0.205263571
2014/4/2,322364686.8,272612066,322010955.9,0.18250337,0.181205809,0.18250337,0.181205809,49398889.91,49752620.81,,
2014/4/3,291070145.5,266605457,290716414.6,0.091763645,0.090436849,0.091763645,0.090436849,24110957.56,24464688.46,,
2014/4/4,283414480,200192637,283060749.1,0.415708811,0.413941858,0.415708811,0.413941858,82868112.11,83221843.01,,
2014/4/5,136816473.8,163199682,136462742.9,-0.16166213,-0.163829603,0.16166213,0.163829603,-26736939.15,-26383208.25,,
2014/4/6,235456684.5,139576683,235102953.6,0.686934232,0.684399919,0.686934232,0.684399919,95526270.58,95880001.48,,
2014/4/7,341711991.2,176966561,341358260.3,0.930941017,0.928942159,0.930941017,0.928942159,164391699.3,164745430.2,,
2014/4/8,221049789.7,250015131,220696058.8,-0.115854353,-0.117269191,0.115854353,0.117269191,-29319072.21,-28965341.31,,
2014/4/9,261395683.6,289330278,261041952.7,-0.096549157,-0.097771742,0.096549157,0.097771742,-28288325.29,-27934594.39,,
2014/4/10,265468182,286914864,265114451.1,-0.074749289,-0.075982166,0.074749289,0.075982166,-21800412.86,-21446681.96,,
2014/4/11,265365591.7,277077434,265011860.8,-0.042269203,-0.043545853,0.042269203,0.043545853,-12065573.21,-11711842.31,,
2014/4/12,168219505,123295320,167865774.1,0.364362451,0.361493478,0.364362451,0.361493478,44570454.08,44924184.98,,
2014/4/13,214396193.9,178934722,214042463,0.198181055,0.196204183,0.198181055,0.196204183,35107741.02,35461471.92,,
2014/4/14,332052785.6,415986984,331699054.7,-0.201771213,-0.202621554,0.201771213,0.202621554,-84287929.27,-83934198.37,,
2014/4/15,322058175,285293076,321704444.1,0.128867828,0.127627942,0.128867828,0.127627942,36411368.11,36765099.01,,
2014/4/16,313410421.8,255914640,313056690.9,0.22466781,0.223285588,0.22466781,0.223285588,57142050.93,57495781.83,,
2014/4/17,273770325.2,265341592,273416594.3,0.031765594,0.030432478,0.031765594,0.030432478,8075002.282,8428733.182,,
2014/4/18,266917111,225952909,266563380.1,0.181295307,0.1797298,0.181295307,0.1797298,40610471.07,40964201.97,,
2014/4/19,138511396.3,146374940,138157665.4,-0.053721926,-0.056138534,0.053721926,0.056138534,-8217274.56,-7863543.66,,
2014/4/20,210296613.9,161057781,209942883,0.30572154,0.303525242,0.30572154,0.303525242,48885101.98,49238832.88,,
2014/4/21,335415259,295635256,335061528.1,0.13455771,0.133361199,0.13455771,0.133361199,39426272.13,39780003.03,,
2014/4/22,266650321.8,268810141,266296590.9,-0.008034738,-0.009350652,0.008034738,0.009350652,-2513550.088,-2159819.188,,
2014/4/23,282130830.6,278470936,281777099.7,0.013142824,0.011872563,0.013142824,0.011872563,3306163.656,3659894.556,,
2014/4/24,267911361.4,224536754,267557630.5,0.193173753,0.191598372,0.193173753,0.191598372,43020876.52,43374607.42,,
2014/4/25,242963690,227764292,242609959.1,0.066733015,0.065179958,0.066733015,0.065179958,14845667.07,15199397.97,,
2014/4/26,132968100.6,158122962,132614369.7,-0.159084178,-0.16132124,0.159084178,0.16132124,-25508592.31,-25154861.41,,
2014/4/27,206254411.3,191915377,205900680.4,0.074715401,0.07287224,0.074715401,0.07287224,13985303.36,14339034.26,,
2014/4/28,340042607.1,327724735,339688876.2,0.037586031,0.036506677,0.037586031,0.036506677,11964141.18,12317872.08,,
2014/4/29,282953816.2,307578349,282600085.3,-0.080059383,-0.081209434,0.080059383,0.081209434,-24978263.66,-24624532.76,,
2014/4/30,304784159.3,281835975,304430428.4,0.0814239,0.080168805,0.0814239,0.080168805,22594453.36,22948184.26,,
2014/5/1,270742321.7,143362755,270388590.8,0.888512269,0.886044885,0.888512269,0.886044885,127025835.8,127379566.7,,
2014/5/2,211217366.4,121222064,210863635.5,0.742400347,0.739482307,0.742400347,0.739482307,89641571.53,89995302.43,,
2014/5/3,85747732.09,199568043,85394001.19,-0.570333352,-0.572105835,0.570333352,0.572105835,-114174041.8,-113820310.9,,
2014/5/4,204013707.1,413222034,203659976.2,-0.506285507,-0.507141538,0.506285507,0.507141538,-209562057.8,-209208326.9,,
2014/5/5,421001684.9,309330781,420647954,0.361008056,0.35986452,0.361008056,0.35986452,111317173,111670903.9,,
2014/5/6,303187278.5,341108696,302833547.6,-0.111171067,-0.11220807,0.111171067,0.11220807,-38275148.44,-37921417.54,,
2014/5/7,328651940.9,239372999,328298210,0.372969977,0.371492237,0.372969977,0.371492237,88925210.96,89278941.86,,
2014/5/8,253423516.4,273187499,253069785.5,-0.072345853,-0.073640681,0.072345853,0.073640681,-20117713.46,-19763982.56,,
2014/5/9,241717654.3,247743971,241363923.4,-0.024324776,-0.025752585,0.024324776,0.025752585,-6380047.562,-6026316.662,,
2014/5/10,175661653.2,147248328,175307922.3,0.192961955,0.19055968,0.192961955,0.19055968,28059594.29,28413325.19,,
2014/5/11,233725239.2,152945581,233371508.3,0.528159478,0.525846689,0.528159478,0.525846689,80425927.35,80779658.25,,
2014/5/12,315337426.6,293952908,314983695.7,0.07274811,0.071544751,0.07274811,0.071544751,21030787.66,21384518.56,,
2014/5/13,264397898.2,257918375,264044167.3,0.025122379,0.023750895,0.025122379,0.023750895,6125792.298,6479523.198,,
2014/5/14,269279214.5,316225442,268925483.6,-0.148458098,-0.149576701,0.148458098,0.149576701,-47299958.41,-46946227.51,,
2014/5/15,263891931.9,238307643,263538201,0.107358239,0.105873894,0.107358239,0.105873894,25230558.03,25584288.93,,
2014/5/16,232071940.6,282094916,231718209.7,-0.177326753,-0.178580695,0.177326753,0.178580695,-50376706.28,-50022975.38,,
2014/5/17,181090484.8,145854372,180736753.9,0.241584207,0.239158974,0.241584207,0.239158974,34882381.89,35236112.79,,
2014/5/18,227407300.4,153440019,227053569.5,0.482059907,0.479754571,0.482059907,0.479754571,73613550.45,73967281.35,,
2014/5/19,309980465.2,293791406,309626734.3,0.055103924,0.053899903,0.055103924,0.053899903,15835328.27,16189059.17,,
2014/5/20,268543288.8,260040720,268189557.9,0.032697067,0.031336776,0.032697067,0.031336776,8148837.913,8502568.813,,
2014/5/21,275563421.2,250223726,275209690.3,0.101268155,0.099854497,0.101268155,0.099854497,24985964.29,25339695.19,,
2014/5/22,234870533.4,251108485,234516802.5,-0.064665085,-0.066073763,0.064665085,0.066073763,-16591682.48,-16237951.58,,
2014/5/23,234518479.4,229000787,234164748.5,0.024094644,0.022549973,0.024094644,0.022549973,5163961.53,5517692.43,,
2014/5/24,153901488.6,154409868,153547757.7,-0.003292402,-0.005583259,0.003292402,0.005583259,-862110.3072,-508379.4072,,
2014/5/25,210923438.2,231004758,210569707.3,-0.08693033,-0.088461601,0.08693033,0.088461601,-20435050.73,-20081319.83,,
2014/5/26,336172475.2,274707572,335818744.3,0.223746666,0.222459002,0.223746666,0.222459002,61111172.34,61464903.24,,
2014/5/27,268726878.8,321965845,268373147.9,-0.165355944,-0.166454604,0.165355944,0.166454604,-53592697.08,-53238966.18,,
2014/5/28,299735465.1,415891684,299381734.2,-0.279294401,-0.280144938,0.279294401,0.280144938,-116509949.8,-116156218.9,,
2014/5/29,314494746.2,313827800,314141015.3,0.002125198,0.000998048,0.002125198,0.000998048,313215.3448,666946.2448,,
2014/5/30,283459012.2,312802179,283105281.3,-0.093807425,-0.09493827,0.093807425,0.09493827,-29696897.75,-29343166.85,,
2014/5/31,211311069.7,142862063,210957338.8,0.479126545,0.476650514,0.479126545,0.476650514,68095275.77,68449006.67,,
2014/6/1,234197831.9,149829253,233844101,0.563098175,0.560737281,0.563098175,0.560737281,84014847.97,84368578.87,,
2014/6/2,304666993.8,170409506,304313262.9,0.787852104,0.785776334,0.787852104,0.785776334,133903756.9,134257487.8,,
2014/6/3,230463591.2,385622582,230109860.3,-0.402359711,-0.40327701,0.402359711,0.40327701,-155512721.7,-155158990.8,,
2014/6/4,324951600.6,303978838,324597869.7,0.068994154,0.067830484,0.068994154,0.067830484,20619031.74,20972762.64,,
2014/6/5,274322763.7,355645445,273969032.8,-0.228662232,-0.229656849,0.228662232,0.229656849,-81676412.19,-81322681.29,,
2014/6/6,282755065.2,274862067,282401334.3,0.028716215,0.027429275,0.028716215,0.027429275,7539267.251,7892998.151,,
2014/6/7,195608449.7,146203577,195254718.8,0.337918358,0.335498918,0.337918358,0.335498918,49051141.84,49404872.74,,
2014/6/8,212055797.1,169525332,211702066.2,0.250879704,0.248793108,0.250879704,0.248793108,42176734.17,42530465.07,,
2014/6/9,299161135.1,287520152,298807404.2,0.040487538,0.039257256,0.040487538,0.039257256,11287252.21,11640983.11,,
2014/6/10,296658652.6,298190025,296304921.7,-0.005135559,-0.006321819,0.005135559,0.006321819,-1885103.325,-1531372.425,,
2014/6/11,310399809,246127540,310046078.1,0.261134,0.259696815,0.261134,0.259696815,63918538.11,64272269.01,,
2014/6/12,256170382.3,236467885,255816651.4,0.083319971,0.081824077,0.083319971,0.081824077,19348766.43,19702497.33,,
2014/6/13,226791081.6,386799040,226437350.7,-0.413672067,-0.414586575,0.413672067,0.414586575,-160361689.3,-160007958.4,,
2014/6/14,214697362.1,229916191,214343631.2,-0.066192941,-0.067731462,0.066192941,0.067731462,-15572559.78,-15218828.88,,
2014/6/15,242859251.1,116623756,242505520.2,1.082416648,1.079383553,1.082416648,1.079383553,125881764.2,126235495.1,,
2014/6/16,288541561.9,492349489,288187831,-0.413949708,-0.414668163,0.413949708,0.414668163,-204161658,-203807927.1,,
2014/6/17,385998620.9,502560223,385644890,-0.23193559,-0.232639448,0.23193559,0.232639448,-116915333,-116561602.1,,
2014/6/18,412843435.1,421920230,412489704.2,-0.021513059,-0.022351443,0.021513059,0.022351443,-9430525.812,-9076794.912,,
2014/6/19,358916320.7,284956260,358562589.8,0.259548819,0.258307467,0.259548819,0.258307467,73606329.84,73960060.74,,
2014/6/20,320346750.3,286583065,319993019.4,0.117814656,0.116580351,0.117814656,0.116580351,33409954.35,33763685.25,,
2014/6/21,209368101.6,231003775,209014370.7,-0.093659393,-0.095190671,0.093659393,0.095190671,-21989404.27,-21635673.37,,
2014/6/22,230853561.8,361285652,230499830.9,-0.36102206,-0.362001149,0.36102206,0.362001149,-130785821.1,-130432090.2,,
2014/6/23,411612099.3,373779624,411258368.4,0.101215992,0.10026963,0.101215992,0.10026963,37478744.42,37832475.32,,
2014/6/24,395604273.1,428471509,395250542.2,-0.076708101,-0.077533666,0.076708101,0.077533666,-33220966.76,-32867235.86,,
2014/6/25,387663327.4,547295931,387309596.5,-0.291675115,-0.29232144,0.291675115,0.29232144,-159986334.5,-159632603.6,,
2014/6/26,397693778.2,418742109,397340047.3,-0.050265618,-0.051110364,0.050265618,0.051110364,-21402061.7,-21048330.8,,
2014/6/27,379997644.7,399444352,379643913.8,-0.048684397,-0.049569954,0.048684397,0.049569954,-19800438.18,-19446707.28,,
2014/6/28,287044284.1,283400236,286690553.2,0.01285831,0.011610143,0.01285831,0.011610143,3290317.237,3644048.137,,
2014/6/29,305564594.2,261170799,305210863.3,0.169979934,0.16862553,0.169979934,0.16862553,44040064.31,44393795.21,,
2014/6/30,392326139.9,456547794,391972409,-0.140667976,-0.141442771,0.140667976,0.141442771,-64575384.98,-64221654.08,,
2014/7/1,434342692.2,374164541,433988961.3,0.160833389,0.159888001,0.160833389,0.159888001,59824420.33,60178151.23,,
2014/7/2,401388043.3,328950951,401034312.4,0.220206362,0.219131032,0.220206362,0.219131032,72083361.37,72437092.27,,
2014/7/3,315801744.9,289009780,315448014,0.092702624,0.091478683,0.092702624,0.091478683,26438234.01,26791964.91,,
2014/7/4,307244897.9,264494550,306891167,0.161630354,0.16029297,0.161630354,0.16029297,42396616.97,42750347.87,,
2014/7/5,201360569.8,272535138,201006838.9,-0.261157401,-0.262455328,0.261157401,0.262455328,-71528299.14,-71174568.24,,
2014/7/6,265246511.5,195530758,264892780.6,0.356546224,0.354737144,0.356546224,0.354737144,69362022.57,69715753.47,,
2014/7/7,358757968.5,317612569,358404237.6,0.129545879,0.128432161,0.129545879,0.128432161,40791668.63,41145399.53,,
2014/7/8,355190831.5,340453063,354837100.6,0.043288694,0.042249694,0.043288694,0.042249694,14384037.58,14737768.48,,
2014/7/9,356049196,269642881,355695465.1,0.320447233,0.319135383,0.320447233,0.319135383,86052584.08,86406314.98,,
2014/7/10,267271320.9,326009240,266917590,-0.180172559,-0.181257592,0.180172559,0.181257592,-59091649.96,-58737919.06,,
2014/7/11,302536355.4,240050748,302182624.5,0.260301657,0.25882809,0.260301657,0.25882809,62131876.51,62485607.41,,
2014/7/12,198020804.6,149081488,197667073.7,0.328272258,0.325899522,0.328272258,0.325899522,48585585.74,48939316.64,,
2014/7/13,199945813.9,199459990,199592083,0.002435696,0.000662253,0.002435696,0.000662253,132092.9816,485823.8816,,
2014/7/14,338345013,284753279,337991282.1,0.188204098,0.186961861,0.188204098,0.186961861,53238003.09,53591733.99,,
2014/7/15,326726676.7,261722182,326372945.8,0.248372126,0.247020574,0.248372126,0.247020574,64650763.75,65004494.65,,
2014/7/16,304486202,234775948,304132471.1,0.296922469,0.295415794,0.296922469,0.295415794,69356523.13,69710254.03,,
2014/7/17,244066853.7,298279385,243713122.8,-0.181750849,-0.182936753,0.181750849,0.182936753,-54566262.23,-54212531.33,,
2014/7/18,271454636.5,208671287,271100905.6,0.30087201,0.299176851,0.30087201,0.299176851,62429618.56,62783349.46,,
2014/7/19,166055996.2,155464283,165702265.3,0.06812956,0.065854241,0.06812956,0.065854241,10237982.3,10591713.2,,
2014/7/20,188591738.2,174462836,188238007.3,0.080985169,0.078957626,0.080985169,0.078957626,13775171.33,14128902.23,,
2014/7/21,320729676.9,434191479,320375946,-0.261317432,-0.26213212,0.261317432,0.26213212,-113815533,-113461802.1,,
2014/7/22,366963459.2,369043423,366609728.3,-0.005636095,-0.006594603,0.005636095,0.006594603,-2433694.688,-2079963.788,,
2014/7/23,355696937.4,308353077,355343206.5,0.153537824,0.152390662,0.153537824,0.152390662,46990129.54,47343860.44,,
2014/7/24,298298860.4,347622431,297945129.5,-0.141888343,-0.142905915,0.141888343,0.142905915,-49677301.49,-49323570.59,,
2014/7/25,310101021.9,262874791,309747291,0.179652947,0.178307322,0.179652947,0.178307322,46872499.97,47226230.87,,
2014/7/26,199145351.3,282653341,198791620.4,-0.295443137,-0.296694602,0.295443137,0.296694602,-83861720.61,-83507989.71,,
2014/7/27,252376005.5,166610652,252022274.6,0.514765128,0.512642029,0.514765128,0.512642029,85411622.64,85765353.54,,
2014/7/28,359843046.4,345986909,359489315.5,0.040048155,0.039025773,0.040048155,0.039025773,13502406.51,13856137.41,,
2014/7/29,341471549.2,303480103,341117818.3,0.125185954,0.124020372,0.125185954,0.124020372,37637715.33,37991446.23,,
2014/7/30,322480219.8,250117716,322126488.9,0.289313788,0.28789953,0.289313788,0.28789953,72008772.94,72362503.84,,
2014/7/31,263429447.9,277194379,263075717,-0.049658046,-0.050934157,0.049658046,0.050934157,-14118662.03,-13764931.13,,
2014/8/1,267847140.2,252540858,267493409.3,0.060609132,0.059208444,0.060609132,0.059208444,14952551.27,15306282.17,,
2014/8/2,187867340.9,172250225,187513610,0.090665286,0.088611698,0.090665286,0.088611698,15263385,15617115.9,,
2014/8/3,188966920.8,127125217,188613189.9,0.486462916,0.483680377,0.486462916,0.483680377,61487972.89,61841703.79,,
2014/8/4,322363084.5,322907524,322009353.6,-0.001686054,-0.00278151,0.001686054,0.00278151,-898170.3527,-544439.4527,,
2014/8/5,312150963.2,221706539,311797232.3,0.407946579,0.406351088,0.407946579,0.406351088,90090693.27,90444424.17,,
2014/8/6,270623516.8,282346594,270269785.9,-0.041520165,-0.04277299,0.041520165,0.04277299,-12076808.1,-11723077.2,,
2014/8/7,258603589.2,253659514,258249858.3,0.01949099,0.01809648,0.01949099,0.01809648,4590344.276,4944075.176,,
2014/8/8,256262172.3,311648757,255908441.4,-0.17772118,-0.17885621,0.17772118,0.17885621,-55740315.6,-55386584.7,,
2014/8/9,199591879.2,163611708,199238148.3,0.219911959,0.217749944,0.219911959,0.217749944,35626440.29,35980171.19,,
2014/8/10,184501543.9,189909225,184147813,-0.028475084,-0.030337715,0.028475084,0.030337715,-5761411.962,-5407681.062,,
2014/8/11,344796940.8,418603336,344443209.9,-0.176315831,-0.177160858,0.176315831,0.177160858,-74160126.05,-73806395.15,,
2014/8/12,351554304.7,309754858,351200573.8,0.134943636,0.133801665,0.134943636,0.133801665,41445715.75,41799446.65,,
2014/8/13,319705466.7,303975517,319351735.8,0.051747423,0.050583741,0.051747423,0.050583741,15376218.84,15729949.74,,
2014/8/14,288366080.6,211939431,288012349.7,0.36060609,0.358937071,0.36060609,0.358937071,76072918.68,76426649.58,,
2014/8/15,261928556.9,236516007,261574826,0.10744537,0.10594978,0.10744537,0.10594978,25058819,25412549.9,,
2014/8/16,164335964.4,219214339,163982233.5,-0.250341172,-0.251954803,0.250341172,0.251954803,-55232105.52,-54878374.62,,
2014/8/17,199083879.1,139564084,198730148.2,0.426469285,0.423934744,0.426469285,0.423934744,59166064.19,59519795.09,,
2014/8/18,334664039.3,259169016,334310308.4,0.291296485,0.289931619,0.291296485,0.289931619,75141292.42,75495023.32,,
2014/8/19,278501813.8,254929877,278148082.9,0.092464395,0.091076833,0.092464395,0.091076833,23218205.88,23571936.78,,
2014/8/20,272938991.5,202452782,272585260.6,0.348161229,0.346414003,0.348161229,0.346414003,70132478.58,70486209.48,,
2014/8/21,216741780.4,219963356,216388049.5,-0.014645965,-0.0162541,0.014645965,0.0162541,-3575306.452,-3221575.552,,
2014/8/22,237123103.8,179349206,236769372.9,0.32213077,0.320158467,0.32213077,0.320158467,57420166.93,57773897.83,,
2014/8/23,139253955.4,199377531,138900224.5,-0.301556426,-0.303330602,0.301556426,0.303330602,-60477306.5,-60123575.6,,
2014/8/24,169372633,191080151,169018902.1,-0.113604254,-0.115455471,0.113604254,0.115455471,-22061248.91,-21707518.01,,
2014/8/25,336598394.7,312413411,336244663.8,0.077413398,0.076281145,0.077413398,0.076281145,23831252.81,24184983.71,,
2014/8/26,293372085.9,285478563,293018355,0.027650142,0.026411062,0.027650142,0.026411062,7539792.032,7893522.932,,
2014/8/27,287402305.7,468164147,287048574.8,-0.386107827,-0.386863397,0.386107827,0.386863397,-181115572.2,-180761841.3,,
2014/8/28,329827785.9,297893861,329474055,0.107199003,0.106011564,0.107199003,0.106011564,31580194.03,31933924.93,,
2014/8/29,300703558.6,273756380,300349827.7,0.098434888,0.09714275,0.098434888,0.09714275,26593447.67,26947178.57,,
2014/8/30,210602610.1,196374134,210248879.2,0.072455958,0.070654647,0.072455958,0.070654647,13874745.16,14228476.06,,
2014/8/31,207475193.3,292943033,207121462.4,-0.291755837,-0.292963344,0.291755837,0.292963344,-85821570.65,-85467839.75,,
,,,,,,0.357335139,0.353157691,-1.591870727,353729.3081,,
